累计确诊,累计治愈,累计死亡,疑似,时间,地点
1,0,0,0,2019/12/01,湖北
1,0,0,0,2019/12/02,湖北
1,0,0,0,2019/12/03,湖北
1,0,0,0,2019/12/04,湖北
1,0,0,0,2019/12/05,湖北
1,0,0,0,2019/12/06,湖北
1,0,0,0,2019/12/07,湖北
1,0,0,0,2019/12/08,湖北
1,0,0,0,2019/12/09,湖北
1,0,0,0,2019/12/10,湖北
4,0,0,0,2019/12/11,湖北
4,0,0,0,2019/12/12,湖北
4,0,0,0,2019/12/13,湖北
4,0,0,0,2019/12/14,湖北
6,0,0,0,2019/12/15,湖北
6,0,0,0,2019/12/16,湖北
7,0,0,0,2019/12/17,湖北
8,0,0,0,2019/12/18,湖北
9,0,0,0,2019/12/19,湖北
14,0,0,0,2019/12/20,湖北
18,0,0,0,2019/12/21,湖北
21,0,0,0,2019/12/22,湖北
29,0,0,0,2019/12/23,湖北
30,0,0,0,2019/12/24,湖北
33,0,0,0,2019/12/25,湖北
35,0,0,0,2019/12/26,湖北
37,0,0,0,2019/12/27,湖北
37,0,0,0,2019/12/28,湖北
37,0,0,0,2019/12/29,湖北
37,0,0,0,2019/12/30,湖北
40,0,0,0,2019/12/31,湖北
43,0,0,0,2020/01/01,湖北
44,0,0,0,2020/01/02,湖北
41,0,0,0,2020/01/03,湖北
41,0,0,0,2020/01/04,湖北
41,0,0,0,2020/01/05,湖北
41,0,0,0,2020/01/06,湖北
41,0,0,0,2020/01/07,湖北
41,0,0,0,2020/01/08,湖北
41,0,0,0,2020/01/09,湖北
41,2,1,0,2020/01/10,湖北
41,6,1,0,2020/01/11,湖北
41,7,1,0,2020/01/12,湖北
41,7,1,0,2020/01/13,湖北
41,7,1,0,2020/01/14,湖北
41,12,2,0,2020/01/15,湖北
45,15,2,0,2020/01/16,湖北
62,19,2,0,2020/01/17,湖北
121,24,3,0,2020/01/18,湖北
198,25,3,0,2020/01/19,湖北
1,0,0,0,2020/01/19,广东
5,0,0,0,2020/01/20,北京
0,0,0,1,2020/01/20,吉林
1,0,0,0,2020/01/20,上海
0,0,0,16,2020/01/20,浙江
0,0,0,1,2020/01/20,安徽
0,0,0,2,2020/01/20,江西
0,0,0,1,2020/01/20,山东
270,25,6,0,2020/01/20,湖北
14,0,0,7,2020/01/20,广东
0,0,0,1,2020/01/20,广西
0,0,0,1,2020/01/20,海南
0,0,0,3,2020/01/20,四川
0,0,0,1,2020/01/20,贵州
0,0,0,1,2020/01/20,云南
0,0,0,1,2020/01/20,宁夏
10,0,0,0,2020/01/21,北京
2,0,0,0,2020/01/21,天津
0,0,0,1,2020/01/21,山西
0,0,0,1,2020/01/21,吉林
0,0,0,1,2020/01/21,黑龙江
6,0,0,3,2020/01/21,上海
5,0,0,0,2020/01/21,浙江
0,0,0,1,2020/01/21,安徽
2,0,0,0,2020/01/21,江西
1,0,0,0,2020/01/21,山东
1,0,0,0,2020/01/21,河南
375,28,9,0,2020/01/21,湖北
1,0,0,0,2020/01/21,湖南
26,0,0,0,2020/01/21,广东
0,0,0,2,2020/01/21,广西
0,0,0,1,2020/01/21,海南
5,0,0,0,2020/01/21,重庆
2,0,0,5,2020/01/21,四川
0,0,0,1,2020/01/21,贵州
1,0,0,0,2020/01/21,云南
0,0,0,1,2020/01/21,宁夏
14,0,0,0,2020/01/22,北京
4,0,0,0,2020/01/22,天津
1,0,0,0,2020/01/22,河北
1,0,0,0,2020/01/22,山西
2,0,0,0,2020/01/22,辽宁
1,0,0,0,2020/01/22,吉林
1,0,0,0,2020/01/22,黑龙江
16,0,0,22,2020/01/22,上海
1,0,0,0,2020/01/22,江苏
10,0,0,0,2020/01/22,浙江
1,0,0,4,2020/01/22,安徽
1,0,0,0,2020/01/22,福建
3,0,0,0,2020/01/22,江西
6,0,0,0,2020/01/22,山东
5,0,0,0,2020/01/22,河南
444,28,17,0,2020/01/22,湖北
4,0,0,0,2020/01/22,湖南
32,0,0,0,2020/01/22,广东
2,0,0,1,2020/01/22,广西
5,0,0,32,2020/01/22,海南
9,0,0,0,2020/01/22,重庆
5,0,0,2,2020/01/22,四川
3,0,0,0,2020/01/22,贵州
4,0,0,0,2020/01/22,陕西
1,0,0,0,2020/01/22,宁夏
1,0,0,0,2020/01/22,台湾
1,0,0,0,2020/01/22,香港
1,0,0,0,2020/01/22,澳门
22,0,0,0,2020/01/23,北京
5,0,0,0,2020/01/23,天津
2,0,1,0,2020/01/23,河北
1,0,0,0,2020/01/23,山西
1,0,0,2,2020/01/23,内蒙古
4,0,0,0,2020/01/23,辽宁
3,0,0,0,2020/01/23,吉林
4,0,1,0,2020/01/23,黑龙江
20,0,0,34,2020/01/23,上海
9,0,0,0,2020/01/23,江苏
43,1,0,0,2020/01/23,浙江
15,0,0,0,2020/01/23,安徽
4,0,0,0,2020/01/23,福建
7,0,0,0,2020/01/23,江西
9,0,0,0,2020/01/23,山东
9,0,0,0,2020/01/23,河南
549,31,24,0,2020/01/23,湖北
24,0,0,0,2020/01/23,湖南
53,2,0,0,2020/01/23,广东
13,0,0,0,2020/01/23,广西
8,0,0,0,2020/01/23,海南
27,0,0,0,2020/01/23,重庆
15,0,0,0,2020/01/23,四川
3,0,0,0,2020/01/23,贵州
2,0,0,0,2020/01/23,云南
5,0,0,0,2020/01/23,陕西
2,0,0,1,2020/01/23,甘肃
2,0,0,1,2020/01/23,宁夏
2,0,0,0,2020/01/23,新疆
1,0,0,0,2020/01/23,台湾
2,0,0,0,2020/01/23,香港
2,0,0,0,2020/01/23,澳门
36,0,0,0,2020/01/24,北京
8,0,0,0,2020/01/24,天津
8,0,1,0,2020/01/24,河北
6,0,0,0,2020/01/24,山西
2,0,0,5,2020/01/24,内蒙古
12,0,0,0,2020/01/24,辽宁
4,0,0,0,2020/01/24,吉林
9,0,1,0,2020/01/24,黑龙江
33,1,0,72,2020/01/24,上海
18,1,0,0,2020/01/24,江苏
62,1,0,0,2020/01/24,浙江
39,0,0,0,2020/01/24,安徽
10,0,0,4,2020/01/24,福建
18,0,0,0,2020/01/24,江西
21,0,0,11,2020/01/24,山东
32,0,0,1,2020/01/24,河南
729,32,39,0,2020/01/24,湖北
43,0,0,0,2020/01/24,湖南
78,2,0,0,2020/01/24,广东
23,0,0,0,2020/01/24,广西
17,0,0,0,2020/01/24,海南
57,0,0,0,2020/01/24,重庆
28,0,0,0,2020/01/24,四川
4,0,0,0,2020/01/24,贵州
5,0,0,0,2020/01/24,云南
15,0,0,0,2020/01/24,陕西
4,0,0,0,2020/01/24,甘肃
0,0,0,1,2020/01/24,青海
3,0,0,1,2020/01/24,宁夏
3,0,0,0,2020/01/24,新疆
3,0,0,0,2020/01/24,台湾
5,0,0,0,2020/01/24,香港
2,0,0,0,2020/01/24,澳门
41,0,0,0,2020/01/25,北京
10,0,0,0,2020/01/25,天津
13,0,1,0,2020/01/25,河北
9,0,0,0,2020/01/25,山西
7,0,0,0,2020/01/25,内蒙古
16,0,0,0,2020/01/25,辽宁
4,0,0,0,2020/01/25,吉林
15,0,1,17,2020/01/25,黑龙江
40,1,1,95,2020/01/25,上海
31,1,0,0,2020/01/25,江苏
104,1,0,0,2020/01/25,浙江
60,0,0,0,2020/01/25,安徽
18,0,0,20,2020/01/25,福建
36,0,0,0,2020/01/25,江西
39,0,0,11,2020/01/25,山东
83,0,1,3,2020/01/25,河南
1052,42,52,0,2020/01/25,湖北
69,0,0,0,2020/01/25,湖南
98,2,0,0,2020/01/25,广东
33,0,0,0,2020/01/25,广西
22,0,0,0,2020/01/25,海南
75,0,0,0,2020/01/25,重庆
44,0,0,0,2020/01/25,四川
5,0,0,0,2020/01/25,贵州
11,0,0,0,2020/01/25,云南
22,0,0,0,2020/01/25,陕西
7,0,0,0,2020/01/25,甘肃
1,0,0,0,2020/01/25,青海
4,0,0,1,2020/01/25,宁夏
4,0,0,0,2020/01/25,新疆
3,0,0,0,2020/01/25,台湾
5,0,0,0,2020/01/25,香港
2,0,0,0,2020/01/25,澳门
68,0,0,0,2020/01/26,北京
14,0,0,0,2020/01/26,天津
18,0,1,16,2020/01/26,河北
13,0,0,0,2020/01/26,山西
11,0,0,1,2020/01/26,内蒙古
22,0,0,0,2020/01/26,辽宁
6,0,0,0,2020/01/26,吉林
21,0,1,48,2020/01/26,黑龙江
53,1,1,90,2020/01/26,上海
47,1,0,0,2020/01/26,江苏
128,1,0,0,2020/01/26,浙江
70,0,0,0,2020/01/26,安徽
35,0,0,39,2020/01/26,福建
48,0,0,0,2020/01/26,江西
63,0,0,33,2020/01/26,山东
128,0,1,18,2020/01/26,河南
1423,44,76,0,2020/01/26,湖北
100,0,0,0,2020/01/26,湖南
146,2,0,0,2020/01/26,广东
46,0,0,0,2020/01/26,广西
31,0,1,0,2020/01/26,海南
110,0,0,0,2020/01/26,重庆
69,0,0,0,2020/01/26,四川
7,0,0,3,2020/01/26,贵州
19,0,0,36,2020/01/26,云南
35,0,0,0,2020/01/26,陕西
14,0,0,0,2020/01/26,甘肃
4,0,0,0,2020/01/26,青海
7,0,0,0,2020/01/26,宁夏
5,0,0,0,2020/01/26,新疆
4,0,0,0,2020/01/26,台湾
8,0,0,0,2020/01/26,香港
5,0,0,0,2020/01/26,澳门
80,2,1,0,2020/01/27,北京
23,0,0,0,2020/01/27,天津
33,0,1,54,2020/01/27,河北
20,0,0,0,2020/01/27,山西
13,0,0,2,2020/01/27,内蒙古
27,0,0,0,2020/01/27,辽宁
8,0,0,0,2020/01/27,吉林
30,0,1,67,2020/01/27,黑龙江
66,3,1,129,2020/01/27,上海
70,1,0,0,2020/01/27,江苏
173,1,0,0,2020/01/27,浙江
106,0,0,38,2020/01/27,安徽
59,0,0,46,2020/01/27,福建
72,0,0,0,2020/01/27,江西
63,0,0,42,2020/01/27,山东
168,0,1,100,2020/01/27,河南
2714,47,100,0,2020/01/27,湖北
143,0,0,0,2020/01/27,湖南
188,4,0,0,2020/01/27,广东
51,0,0,0,2020/01/27,广西
40,0,1,0,2020/01/27,海南
132,0,0,0,2020/01/27,重庆
90,0,0,0,2020/01/27,四川
9,0,0,1,2020/01/27,贵州
44,0,0,125,2020/01/27,云南
46,0,0,0,2020/01/27,陕西
19,0,0,0,2020/01/27,甘肃
6,0,0,0,2020/01/27,青海
11,0,0,0,2020/01/27,宁夏
10,0,0,0,2020/01/27,新疆
5,0,0,0,2020/01/27,台湾
8,0,0,0,2020/01/27,香港
7,0,0,0,2020/01/27,澳门
91,4,1,0,2020/01/28,北京
24,0,0,0,2020/01/28,天津
48,0,1,56,2020/01/28,河北
27,0,0,0,2020/01/28,山西
16,0,0,2,2020/01/28,内蒙古
34,0,0,0,2020/01/28,辽宁
9,0,0,0,2020/01/28,吉林
37,0,1,87,2020/01/28,黑龙江
80,4,1,167,2020/01/28,上海
99,1,0,0,2020/01/28,江苏
296,3,0,0,2020/01/28,浙江
152,0,0,42,2020/01/28,安徽
80,0,0,67,2020/01/28,福建
109,3,0,0,2020/01/28,江西
121,0,0,55,2020/01/28,山东
206,1,2,78,2020/01/28,河南
3554,80,125,0,2020/01/28,湖北
221,0,0,0,2020/01/28,湖南
241,5,0,0,2020/01/28,广东
58,2,0,0,2020/01/28,广西
43,0,1,0,2020/01/28,海南
147,0,0,0,2020/01/28,重庆
108,0,0,0,2020/01/28,四川
9,1,0,3,2020/01/28,贵州
51,0,0,163,2020/01/28,云南
0,0,0,1,2020/01/28,西藏
56,0,0,0,2020/01/28,陕西
24,0,0,0,2020/01/28,甘肃
6,0,0,0,2020/01/28,青海
12,0,0,2,2020/01/28,宁夏
13,0,0,0,2020/01/28,新疆
8,0,0,0,2020/01/28,台湾
8,0,0,0,2020/01/28,香港
7,0,0,0,2020/01/28,澳门
114,4,1,0,2020/01/29,北京
27,0,0,0,2020/01/29,天津
65,0,1,68,2020/01/29,河北
35,1,0,0,2020/01/29,山西
18,0,0,1,2020/01/29,内蒙古
41,1,0,0,2020/01/29,辽宁
14,0,0,10,2020/01/29,吉林
43,0,1,105,2020/01/29,黑龙江
101,5,1,180,2020/01/29,上海
129,1,0,0,2020/01/29,江苏
428,4,0,0,2020/01/29,浙江
200,2,0,45,2020/01/29,安徽
101,0,0,111,2020/01/29,福建
162,3,0,0,2020/01/29,江西
145,1,0,79,2020/01/29,山东
206,2,2,29,2020/01/29,河南
4586,90,162,0,2020/01/29,湖北
277,0,0,0,2020/01/29,湖南
311,6,0,0,2020/01/29,广东
78,2,0,0,2020/01/29,广西
46,1,1,0,2020/01/29,海南
165,1,0,0,2020/01/29,重庆
142,1,1,0,2020/01/29,四川
12,1,0,6,2020/01/29,贵州
70,0,0,191,2020/01/29,云南
1,0,0,0,2020/01/29,西藏
63,0,0,116,2020/01/29,陕西
26,0,0,0,2020/01/29,甘肃
6,0,0,1,2020/01/29,青海
17,0,0,1,2020/01/29,宁夏
14,0,0,0,2020/01/29,新疆
8,0,0,0,2020/01/29,台湾
10,0,0,0,2020/01/29,香港
7,0,0,0,2020/01/29,澳门
132,5,1,0,2020/01/30,北京
31,0,0,0,2020/01/30,天津
82,0,1,78,2020/01/30,河北
39,1,0,0,2020/01/30,山西
20,0,0,1,2020/01/30,内蒙古
45,1,0,0,2020/01/30,辽宁
14,1,0,10,2020/01/30,吉林
59,0,2,128,2020/01/30,黑龙江
128,5,1,164,2020/01/30,上海
168,2,0,0,2020/01/30,江苏
537,9,0,0,2020/01/30,浙江
237,3,0,70,2020/01/30,安徽
120,0,0,116,2020/01/30,福建
240,7,0,0,2020/01/30,江西
178,2,0,90,2020/01/30,山东
352,3,2,4,2020/01/30,河南
5806,116,204,0,2020/01/30,湖北
332,2,0,0,2020/01/30,湖南
393,9,0,0,2020/01/30,广东
87,2,0,0,2020/01/30,广西
49,1,1,0,2020/01/30,海南
206,1,0,0,2020/01/30,重庆
177,1,1,0,2020/01/30,四川
15,1,0,61,2020/01/30,贵州
80,0,0,236,2020/01/30,云南
1,0,0,0,2020/01/30,西藏
87,0,0,132,2020/01/30,陕西
29,0,0,0,2020/01/30,甘肃
8,0,0,0,2020/01/30,青海
21,0,0,1,2020/01/30,宁夏
17,0,0,0,2020/01/30,新疆
9,0,0,0,2020/01/30,台湾
12,0,0,0,2020/01/30,香港
7,0,0,0,2020/01/30,澳门
156,5,1,0,2020/01/31,北京
32,0,0,0,2020/01/31,天津
96,0,1,88,2020/01/31,河北
47,1,0,75,2020/01/31,山西
23,1,0,5,2020/01/31,内蒙古
60,1,0,0,2020/01/31,辽宁
17,1,0,10,2020/01/31,吉林
80,0,2,149,2020/01/31,黑龙江
153,9,1,167,2020/01/31,上海
202,5,0,0,2020/01/31,江苏
599,15,0,0,2020/01/31,浙江
297,3,0,0,2020/01/31,安徽
144,0,0,111,2020/01/31,福建
286,9,0,0,2020/01/31,江西
202,2,0,83,2020/01/31,山东
422,3,2,751,2020/01/31,河南
7153,166,249,0,2020/01/31,湖北
389,3,0,0,2020/01/31,湖南
520,0,0,0,2020/01/31,广东
100,2,0,0,2020/01/31,广西
57,1,1,0,2020/01/31,海南
238,1,1,0,2020/01/31,重庆
207,3,1,0,2020/01/31,四川
29,2,0,67,2020/01/31,贵州
91,1,0,228,2020/01/31,云南
1,0,0,0,2020/01/31,西藏
101,0,0,158,2020/01/31,陕西
35,0,0,0,2020/01/31,甘肃
9,0,0,0,2020/01/31,青海
26,0,0,1,2020/01/31,宁夏
18,0,0,0,2020/01/31,新疆
10,0,0,0,2020/01/31,台湾
13,0,0,0,2020/01/31,香港
7,0,0,0,2020/01/31,澳门
183,9,1,0,2020/02/01,北京
41,0,0,0,2020/02/01,天津
104,3,1,104,2020/02/01,河北
56,1,0,64,2020/02/01,山西
27,1,0,7,2020/02/01,内蒙古
64,1,0,0,2020/02/01,辽宁
23,1,0,14,2020/02/01,吉林
95,0,2,172,2020/02/01,黑龙江
177,10,1,168,2020/02/01,上海
236,6,0,0,2020/02/01,江苏
661,23,0,0,2020/02/01,浙江
340,5,0,0,2020/02/01,安徽
159,0,0,99,2020/02/01,福建
333,10,0,0,2020/02/01,江西
225,5,0,81,2020/02/01,山东
493,4,2,754,2020/02/01,河南
9074,215,294,0,2020/02/01,湖北
463,8,0,0,2020/02/01,湖南
604,12,0,0,2020/02/01,广东
111,2,0,0,2020/02/01,广西
63,1,1,0,2020/02/01,海南
262,3,1,0,2020/02/01,重庆
231,3,1,0,2020/02/01,四川
38,2,0,65,2020/02/01,贵州
99,2,0,261,2020/02/01,云南
1,0,0,0,2020/02/01,西藏
116,0,0,201,2020/02/01,陕西
40,0,0,0,2020/02/01,甘肃
9,0,0,0,2020/02/01,青海
28,0,0,8,2020/02/01,宁夏
21,0,0,0,2020/02/01,新疆
10,0,0,0,2020/02/01,台湾
14,0,0,0,2020/02/01,香港
7,0,0,0,2020/02/01,澳门
212,12,1,0,2020/02/02,北京
48,1,0,0,2020/02/02,天津
113,3,1,108,2020/02/02,河北
66,2,0,64,2020/02/02,山西
34,1,0,3,2020/02/02,内蒙古
70,1,0,0,2020/02/02,辽宁
31,1,0,17,2020/02/02,吉林
118,2,2,163,2020/02/02,黑龙江
193,10,1,173,2020/02/02,上海
271,7,0,0,2020/02/02,江苏
724,36,0,0,2020/02/02,浙江
408,7,0,0,2020/02/02,安徽
179,0,0,96,2020/02/02,福建
391,18,0,0,2020/02/02,江西
246,6,0,62,2020/02/02,山东
566,14,2,26,2020/02/02,河南
11177,295,350,0,2020/02/02,湖北
521,16,0,0,2020/02/02,湖南
683,14,0,0,2020/02/02,广东
127,2,0,0,2020/02/02,广西
70,4,1,0,2020/02/02,海南
300,7,2,0,2020/02/02,重庆
254,12,1,0,2020/02/02,四川
46,2,0,46,2020/02/02,贵州
109,3,0,252,2020/02/02,云南
1,0,0,0,2020/02/02,西藏
128,0,0,205,2020/02/02,陕西
51,3,0,0,2020/02/02,甘肃
13,0,0,0,2020/02/02,青海
31,0,0,12,2020/02/02,宁夏
24,0,0,0,2020/02/02,新疆
10,0,0,0,2020/02/02,台湾
15,0,0,0,2020/02/02,香港
8,0,0,0,2020/02/02,澳门
228,23,1,0,2020/02/03,北京
60,1,0,0,2020/02/03,天津
126,3,1,93,2020/02/03,河北
74,2,0,62,2020/02/03,山西
35,1,0,3,2020/02/03,内蒙古
74,1,0,0,2020/02/03,辽宁
42,1,0,24,2020/02/03,吉林
155,2,2,178,2020/02/03,黑龙江
208,10,1,168,2020/02/03,上海
308,8,0,0,2020/02/03,江苏
829,48,0,0,2020/02/03,浙江
480,14,0,0,2020/02/03,安徽
194,1,0,87,2020/02/03,福建
476,19,0,0,2020/02/03,江西
270,7,0,70,2020/02/03,山东
675,20,2,44,2020/02/03,河南
13522,396,414,0,2020/02/03,湖北
593,22,0,0,2020/02/03,湖南
797,20,0,180,2020/02/03,广东
139,7,0,0,2020/02/03,广西
79,4,1,0,2020/02/03,海南
337,9,2,0,2020/02/03,重庆
282,14,1,0,2020/02/03,四川
56,2,0,26,2020/02/03,贵州
117,5,0,225,2020/02/03,云南
1,0,0,0,2020/02/03,西藏
142,1,0,221,2020/02/03,陕西
55,3,0,9,2020/02/03,甘肃
15,0,0,0,2020/02/03,青海
34,0,0,18,2020/02/03,宁夏
29,0,0,0,2020/02/03,新疆
10,0,0,0,2020/02/03,台湾
15,0,0,0,2020/02/03,香港
8,0,0,0,2020/02/03,澳门
253,24,1,0,2020/02/04,北京
67,2,0,0,2020/02/04,天津
135,4,1,117,2020/02/04,河北
81,4,0,42,2020/02/04,山西
42,1,0,3,2020/02/04,内蒙古
81,2,0,0,2020/02/04,辽宁
54,1,0,58,2020/02/04,吉林
190,4,2,184,2020/02/04,黑龙江
233,12,1,194,2020/02/04,上海
341,13,0,0,2020/02/04,江苏
895,63,0,0,2020/02/04,浙江
530,20,0,0,2020/02/04,安徽
205,7,0,91,2020/02/04,福建
548,27,0,0,2020/02/04,江西
298,13,0,94,2020/02/04,山东
764,41,2,52,2020/02/04,河南
16678,520,479,0,2020/02/04,湖北
661,35,0,0,2020/02/04,湖南
870,32,0,136,2020/02/04,广东
150,10,0,0,2020/02/04,广西
89,4,1,0,2020/02/04,海南
366,14,2,0,2020/02/04,重庆
301,23,1,0,2020/02/04,四川
64,5,0,33,2020/02/04,贵州
122,5,0,172,2020/02/04,云南
1,0,0,0,2020/02/04,西藏
165,2,0,215,2020/02/04,陕西
57,4,0,17,2020/02/04,甘肃
17,0,0,0,2020/02/04,青海
34,0,0,24,2020/02/04,宁夏
32,0,0,0,2020/02/04,新疆
11,0,0,0,2020/02/04,台湾
18,0,1,0,2020/02/04,香港
10,0,0,0,2020/02/04,澳门
274,31,1,0,2020/02/05,北京
69,2,1,0,2020/02/05,天津
157,7,1,133,2020/02/05,河北
90,6,0,42,2020/02/05,山西
46,4,0,7,2020/02/05,内蒙古
89,4,0,0,2020/02/05,辽宁
59,2,0,69,2020/02/05,吉林
227,7,3,222,2020/02/05,黑龙江
254,15,1,196,2020/02/05,上海
373,26,0,0,2020/02/05,江苏
954,81,0,0,2020/02/05,浙江
591,23,0,0,2020/02/05,安徽
215,11,0,78,2020/02/05,福建
600,37,0,0,2020/02/05,江西
343,18,0,85,2020/02/05,山东
851,54,2,45,2020/02/05,河南
19665,633,549,0,2020/02/05,湖北
711,56,0,0,2020/02/05,湖南
944,49,0,148,2020/02/05,广东
168,14,0,391,2020/02/05,广西
100,5,1,0,2020/02/05,海南
389,15,2,0,2020/02/05,重庆
321,27,1,0,2020/02/05,四川
69,6,0,37,2020/02/05,贵州
128,5,0,149,2020/02/05,云南
1,0,0,0,2020/02/05,西藏
173,6,0,238,2020/02/05,陕西
62,6,0,14,2020/02/05,甘肃
18,3,0,0,2020/02/05,青海
40,1,0,39,2020/02/05,宁夏
36,0,0,0,2020/02/05,新疆
11,0,0,0,2020/02/05,台湾
21,0,1,0,2020/02/05,香港
10,0,0,0,2020/02/05,澳门
297,33,1,157,2020/02/06,北京
79,2,0,0,2020/02/06,天津
171,16,1,117,2020/02/06,河北
96,12,0,54,2020/02/06,山西
50,0,0,9,2020/02/06,内蒙古
95,6,0,0,2020/02/06,辽宁
65,4,1,71,2020/02/06,吉林
277,8,3,210,2020/02/06,黑龙江
269,25,1,166,2020/02/06,上海
408,38,0,0,2020/02/06,江苏
1006,98,0,0,2020/02/06,浙江
665,34,0,0,2020/02/06,安徽
224,15,0,94,2020/02/06,福建
661,45,0,0,2020/02/06,江西
379,31,0,96,2020/02/06,山东
914,68,3,66,2020/02/06,河南
22112,817,618,0,2020/02/06,湖北
772,91,0,0,2020/02/06,湖南
1018,68,0,170,2020/02/06,广东
172,17,0,0,2020/02/06,广西
111,8,2,0,2020/02/06,海南
411,24,2,0,2020/02/06,重庆
344,37,1,0,2020/02/06,四川
77,6,0,54,2020/02/06,贵州
135,7,0,123,2020/02/06,云南
1,0,0,0,2020/02/06,西藏
184,11,0,260,2020/02/06,陕西
67,9,0,21,2020/02/06,甘肃
18,3,0,0,2020/02/06,青海
43,1,0,39,2020/02/06,宁夏
39,0,0,0,2020/02/06,新疆
16,0,1,0,2020/02/06,台湾
24,0,1,0,2020/02/06,香港
10,0,1,0,2020/02/06,澳门
315,34,2,0,2020/02/07,北京
81,2,1,0,2020/02/07,天津
195,25,1,0,2020/02/07,河北
104,15,0,0,2020/02/07,山西
52,5,0,0,2020/02/07,内蒙古
99,7,0,0,2020/02/07,辽宁
69,4,1,0,2020/02/07,吉林
281,12,5,0,2020/02/07,黑龙江
281,30,1,0,2020/02/07,上海
439,43,0,0,2020/02/07,江苏
1048,127,0,0,2020/02/07,浙江
733,47,0,0,2020/02/07,安徽
239,20,0,0,2020/02/07,福建
698,55,0,0,2020/02/07,江西
407,38,0,0,2020/02/07,山东
980,97,4,0,2020/02/07,河南
24953,1115,699,0,2020/02/07,湖北
803,119,0,0,2020/02/07,湖南
1075,97,1,0,2020/02/07,广东
183,17,0,0,2020/02/07,广西
122,11,2,0,2020/02/07,海南
426,31,2,0,2020/02/07,重庆
363,50,1,0,2020/02/07,四川
89,6,1,0,2020/02/07,贵州
138,12,0,0,2020/02/07,云南
1,0,0,0,2020/02/07,西藏
184,9,0,0,2020/02/07,陕西
71,9,1,0,2020/02/07,甘肃
18,3,0,0,2020/02/07,青海
44,5,0,0,2020/02/07,宁夏
42,0,0,0,2020/02/07,新疆
16,1,0,0,2020/02/07,台湾
26,0,1,0,2020/02/07,香港
10,1,0,0,2020/02/07,澳门
326,37,2,0,2020/02/08,北京
88,4,1,0,2020/02/08,天津
206,30,2,0,2020/02/08,河北
115,21,0,0,2020/02/08,山西
54,5,0,0,2020/02/08,内蒙古
106,12,0,0,2020/02/08,辽宁
78,5,1,0,2020/02/08,吉林
307,13,6,0,2020/02/08,黑龙江
292,41,1,0,2020/02/08,上海
468,51,0,0,2020/02/08,江苏
1075,173,0,0,2020/02/08,浙江
779,59,1,0,2020/02/08,安徽
250,24,0,0,2020/02/08,福建
739,72,0,0,2020/02/08,江西
435,50,1,0,2020/02/08,山东
1033,131,6,0,2020/02/08,河南
27013,1439,780,0,2020/02/08,湖北
838,159,1,0,2020/02/08,湖南
1120,125,1,0,2020/02/08,广东
195,18,1,0,2020/02/08,广西
128,15,2,0,2020/02/08,海南
446,39,2,0,2020/02/08,重庆
386,60,1,0,2020/02/08,四川
96,7,1,0,2020/02/08,贵州
140,17,0,0,2020/02/08,云南
1,0,0,0,2020/02/08,西藏
195,17,0,0,2020/02/08,陕西
79,12,1,0,2020/02/08,甘肃
18,3,0,0,2020/02/08,青海
45,13,0,0,2020/02/08,宁夏
45,0,0,0,2020/02/08,新疆
17,1,0,0,2020/02/08,台湾
26,0,1,0,2020/02/08,香港
10,1,0,0,2020/02/08,澳门
337,44,2,0,2020/02/09,北京
91,4,1,0,2020/02/09,天津
218,35,2,0,2020/02/09,河北
119,25,0,0,2020/02/09,山西
58,5,0,0,2020/02/09,内蒙古
108,12,0,0,2020/02/09,辽宁
80,12,1,0,2020/02/09,吉林
331,15,7,0,2020/02/09,黑龙江
295,44,1,0,2020/02/09,上海
492,72,0,0,2020/02/09,江苏
1092,200,0,0,2020/02/09,浙江
830,73,3,0,2020/02/09,安徽
261,35,0,0,2020/02/09,福建
772,102,1,0,2020/02/09,江西
459,63,1,0,2020/02/09,山东
1073,169,6,0,2020/02/09,河南
29631,1795,871,0,2020/02/09,湖北
879,186,1,0,2020/02/09,湖南
1151,143,1,0,2020/02/09,广东
210,18,1,0,2020/02/09,广西
136,19,3,0,2020/02/09,海南
468,51,2,0,2020/02/09,重庆
405,76,1,0,2020/02/09,四川
109,7,1,0,2020/02/09,贵州
141,18,0,0,2020/02/09,云南
1,0,0,0,2020/02/09,西藏
208,20,0,0,2020/02/09,陕西
83,16,2,0,2020/02/09,甘肃
18,3,0,0,2020/02/09,青海
49,13,0,0,2020/02/09,宁夏
49,0,0,0,2020/02/09,新疆
18,1,0,0,2020/02/09,台湾
36,0,1,0,2020/02/09,香港
10,1,0,0,2020/02/09,澳门
342,48,3,0,2020/02/10,北京
95,8,2,0,2020/02/10,天津
239,41,2,0,2020/02/10,河北
122,26,0,0,2020/02/10,山西
58,5,0,0,2020/02/10,内蒙古
108,17,0,0,2020/02/10,辽宁
81,13,1,0,2020/02/10,吉林
360,27,8,0,2020/02/10,黑龙江
302,48,1,0,2020/02/10,上海
515,84,0,0,2020/02/10,江苏
1117,250,0,0,2020/02/10,浙江
860,88,4,0,2020/02/10,安徽
267,39,0,0,2020/02/10,福建
804,127,1,0,2020/02/10,江西
486,71,1,0,2020/02/10,山东
1105,198,7,0,2020/02/10,河南
31728,2222,974,0,2020/02/10,湖北
912,213,1,0,2020/02/10,湖南
1177,181,1,0,2020/02/10,广东
215,30,1,0,2020/02/10,广西
142,19,3,0,2020/02/10,海南
486,66,2,0,2020/02/10,重庆
417,82,1,0,2020/02/10,四川
118,10,1,0,2020/02/10,贵州
149,19,0,0,2020/02/10,云南
1,0,0,0,2020/02/10,西藏
213,26,0,0,2020/02/10,陕西
86,21,2,0,2020/02/10,甘肃
18,3,0,0,2020/02/10,青海
53,14,0,0,2020/02/10,宁夏
55,0,0,0,2020/02/10,新疆
18,1,0,0,2020/02/10,台湾
42,0,1,0,2020/02/10,香港
10,1,0,0,2020/02/10,澳门
352,56,3,0,2020/02/11,北京
106,10,2,0,2020/02/11,天津
251,48,2,0,2020/02/11,河北
124,30,0,0,2020/02/11,山西
60,5,0,0,2020/02/11,内蒙古
116,19,0,0,2020/02/11,辽宁
83,18,1,0,2020/02/11,吉林
378,28,8,0,2020/02/11,黑龙江
306,53,1,0,2020/02/11,上海
543,94,0,0,2020/02/11,江苏
1131,279,0,0,2020/02/11,浙江
888,108,4,0,2020/02/11,安徽
272,46,0,0,2020/02/11,福建
844,152,1,0,2020/02/11,江西
497,80,1,0,2020/02/11,山东
1135,231,8,0,2020/02/11,河南
33366,2639,1068,0,2020/02/11,湖北
946,263,2,0,2020/02/11,湖南
1219,241,1,0,2020/02/11,广东
222,31,1,0,2020/02/11,广西
145,20,3,0,2020/02/11,海南
505,79,3,0,2020/02/11,重庆
436,85,1,0,2020/02/11,四川
131,17,1,0,2020/02/11,贵州
154,20,0,0,2020/02/11,云南
1,0,0,0,2020/02/11,西藏
219,31,0,0,2020/02/11,陕西
86,24,2,0,2020/02/11,甘肃
18,5,0,0,2020/02/11,青海
58,22,0,0,2020/02/11,宁夏
59,3,0,0,2020/02/11,新疆
18,1,0,0,2020/02/11,台湾
49,0,1,0,2020/02/11,香港
10,1,0,0,2020/02/11,澳门
366,68,3,0,2020/02/12,北京
112,11,2,0,2020/02/12,天津
265,54,3,0,2020/02/12,河北
126,33,0,0,2020/02/12,山西
61,6,0,0,2020/02/12,内蒙古
116,22,0,0,2020/02/12,辽宁
84,22,1,0,2020/02/12,吉林
395,31,9,0,2020/02/12,黑龙江
313,57,1,0,2020/02/12,上海
570,131,0,0,2020/02/12,江苏
1145,327,0,0,2020/02/12,浙江
910,128,5,0,2020/02/12,安徽
279,54,0,0,2020/02/12,福建
872,170,1,0,2020/02/12,江西
506,98,2,0,2020/02/12,山东
1169,258,10,0,2020/02/12,河南
47163,3172,1202,0,2020/02/12,湖北
968,312,2,0,2020/02/12,湖南
1241,284,2,0,2020/02/12,广东
222,33,2,0,2020/02/12,广西
157,27,4,0,2020/02/12,海南
518,102,3,0,2020/02/12,重庆
451,93,1,0,2020/02/12,四川
135,20,1,0,2020/02/12,贵州
155,23,0,0,2020/02/12,云南
1,1,0,0,2020/02/12,西藏
225,36,0,0,2020/02/12,陕西
87,31,2,0,2020/02/12,甘肃
18,9,0,0,2020/02/12,青海
64,24,0,0,2020/02/12,宁夏
63,3,1,0,2020/02/12,新疆
18,1,0,0,2020/02/12,台湾
50,1,1,0,2020/02/12,香港
10,2,0,0,2020/02/12,澳门
372,79,3,0,2020/02/13,北京
119,21,3,0,2020/02/13,天津
283,69,3,0,2020/02/13,河北
126,36,0,0,2020/02/13,山西
65,6,0,0,2020/02/13,内蒙古
116,22,1,0,2020/02/13,辽宁
86,25,1,0,2020/02/13,吉林
418,37,11,0,2020/02/13,黑龙江
318,62,1,0,2020/02/13,上海
593,137,0,0,2020/02/13,江苏
1155,367,0,0,2020/02/13,浙江
934,166,6,0,2020/02/13,安徽
281,59,0,0,2020/02/13,福建
900,187,1,0,2020/02/13,江西
519,111,2,0,2020/02/13,山东
1184,313,11,0,2020/02/13,河南
51986,3862,1318,0,2020/02/13,湖北
988,352,2,0,2020/02/13,湖南
1261,332,2,0,2020/02/13,广东
226,35,2,0,2020/02/13,广西
157,30,4,0,2020/02/13,海南
529,128,4,0,2020/02/13,重庆
463,105,1,0,2020/02/13,四川
140,28,1,0,2020/02/13,贵州
162,27,0,0,2020/02/13,云南
1,1,0,0,2020/02/13,西藏
229,44,0,0,2020/02/13,陕西
90,39,2,0,2020/02/13,甘肃
18,11,0,0,2020/02/13,青海
67,24,0,0,2020/02/13,宁夏
65,6,1,0,2020/02/13,新疆
18,1,0,0,2020/02/13,台湾
53,1,1,0,2020/02/13,香港
10,3,0,0,2020/02/13,澳门
375,97,4,0,2020/02/14,北京
120,32,3,0,2020/02/14,天津
291,86,3,0,2020/02/14,河北
127,38,0,0,2020/02/14,山西
68,6,0,0,2020/02/14,内蒙古
119,29,1,0,2020/02/14,辽宁
88,25,1,0,2020/02/14,吉林
425,48,11,0,2020/02/14,黑龙江
326,90,1,0,2020/02/14,上海
604,160,0,0,2020/02/14,江苏
1162,409,0,0,2020/02/14,浙江
950,198,6,0,2020/02/14,安徽
285,66,0,0,2020/02/14,福建
913,210,1,0,2020/02/14,江西
530,139,2,0,2020/02/14,山东
1212,356,13,0,2020/02/14,河南
54406,4774,1457,0,2020/02/14,湖北
1001,389,2,0,2020/02/14,湖南
1294,386,2,0,2020/02/14,广东
235,40,2,0,2020/02/14,广西
162,38,4,0,2020/02/14,海南
537,152,5,0,2020/02/14,重庆
470,115,1,0,2020/02/14,四川
143,33,1,0,2020/02/14,贵州
168,35,0,0,2020/02/14,云南
1,1,0,0,2020/02/14,西藏
230,49,0,0,2020/02/14,陕西
90,44,2,0,2020/02/14,甘肃
18,11,0,0,2020/02/14,青海
70,27,0,0,2020/02/14,宁夏
70,6,1,0,2020/02/14,新疆
18,1,0,0,2020/02/14,台湾
56,1,1,0,2020/02/14,香港
10,3,0,0,2020/02/14,澳门
380,105,4,0,2020/02/15,北京
122,37,3,0,2020/02/15,天津
300,100,3,0,2020/02/15,河北
128,46,0,0,2020/02/15,山西
70,7,0,0,2020/02/15,内蒙古
120,32,1,0,2020/02/15,辽宁
89,28,1,0,2020/02/15,吉林
445,70,11,0,2020/02/15,黑龙江
328,124,1,0,2020/02/15,上海
617,190,0,0,2020/02/15,江苏
1167,437,0,0,2020/02/15,浙江
962,232,6,0,2020/02/15,安徽
287,77,0,0,2020/02/15,福建
925,239,1,0,2020/02/15,江西
537,164,2,0,2020/02/15,山东
1231,397,13,0,2020/02/15,河南
56249,5623,1596,0,2020/02/15,湖北
1004,430,3,0,2020/02/15,湖南
1316,436,2,0,2020/02/15,广东
237,46,2,0,2020/02/15,广西
162,39,4,0,2020/02/15,海南
544,184,5,0,2020/02/15,重庆
481,127,3,0,2020/02/15,四川
144,37,1,0,2020/02/15,贵州
169,42,0,0,2020/02/15,云南
1,1,0,0,2020/02/15,西藏
232,53,0,0,2020/02/15,陕西
90,49,2,0,2020/02/15,甘肃
18,13,0,0,2020/02/15,青海
70,33,0,0,2020/02/15,宁夏
71,11,1,0,2020/02/15,新疆
18,2,0,0,2020/02/15,台湾
56,1,1,0,2020/02/15,香港
10,3,0,0,2020/02/15,澳门
381,114,4,0,2020/02/16,北京
124,45,3,0,2020/02/16,天津
301,109,3,0,2020/02/16,河北
129,50,0,0,2020/02/16,山西
72,8,0,0,2020/02/16,内蒙古
121,41,1,0,2020/02/16,辽宁
89,30,1,0,2020/02/16,吉林
457,80,11,0,2020/02/16,黑龙江
331,140,1,0,2020/02/16,上海
626,226,0,0,2020/02/16,江苏
1171,470,0,0,2020/02/16,浙江
973,266,6,0,2020/02/16,安徽
290,84,0,0,2020/02/16,福建
930,275,1,0,2020/02/16,江西
541,175,2,0,2020/02/16,山东
1246,438,16,0,2020/02/16,河南
58182,6639,1696,0,2020/02/16,湖北
1006,467,3,0,2020/02/16,湖南
1322,473,4,0,2020/02/16,广东
238,51,2,0,2020/02/16,广西
162,52,4,0,2020/02/16,海南
551,207,5,0,2020/02/16,重庆
495,136,3,0,2020/02/16,四川
146,47,1,0,2020/02/16,贵州
171,42,0,0,2020/02/16,云南
1,1,0,0,2020/02/16,西藏
236,64,0,0,2020/02/16,陕西
90,54,2,0,2020/02/16,甘肃
18,13,0,0,2020/02/16,青海
70,33,0,0,2020/02/16,宁夏
75,12,1,0,2020/02/16,新疆
20,2,1,0,2020/02/16,台湾
57,2,1,0,2020/02/16,香港
10,5,0,0,2020/02/16,澳门
387,122,4,0,2020/02/17,北京
125,46,3,0,2020/02/17,天津
302,123,4,0,2020/02/17,河北
130,53,0,0,2020/02/17,山西
73,8,0,0,2020/02/17,内蒙古
121,43,1,0,2020/02/17,辽宁
89,34,1,0,2020/02/17,吉林
464,85,11,0,2020/02/17,黑龙江
333,161,1,0,2020/02/17,上海
629,263,0,0,2020/02/17,江苏
1172,514,0,0,2020/02/17,浙江
982,293,6,0,2020/02/17,安徽
292,91,0,0,2020/02/17,福建
933,310,1,0,2020/02/17,江西
543,193,2,0,2020/02/17,山东
1257,505,19,0,2020/02/17,河南
59989,7862,1789,0,2020/02/17,湖北
1007,501,4,0,2020/02/17,湖南
1328,530,4,0,2020/02/17,广东
242,58,2,0,2020/02/17,广西
163,59,4,0,2020/02/17,海南
553,225,5,0,2020/02/17,重庆
508,163,3,0,2020/02/17,四川
146,66,1,0,2020/02/17,贵州
172,47,0,0,2020/02/17,云南
1,1,0,0,2020/02/17,西藏
240,79,0,0,2020/02/17,陕西
91,58,2,0,2020/02/17,甘肃
18,13,0,0,2020/02/17,青海
70,35,0,0,2020/02/17,宁夏
76,12,1,0,2020/02/17,新疆
22,2,1,0,2020/02/17,台湾
60,2,1,0,2020/02/17,香港
10,5,0,0,2020/02/17,澳门
393,145,4,0,2020/02/18,北京
128,48,3,0,2020/02/18,天津
306,136,4,0,2020/02/18,河北
131,61,0,0,2020/02/18,山西
75,9,0,0,2020/02/18,内蒙古
121,55,1,0,2020/02/18,辽宁
90,36,1,0,2020/02/18,吉林
470,108,12,0,2020/02/18,黑龙江
333,177,1,0,2020/02/18,上海
631,296,0,0,2020/02/18,江苏
1173,544,0,0,2020/02/18,浙江
986,361,6,0,2020/02/18,安徽
293,96,0,0,2020/02/18,福建
933,362,1,0,2020/02/18,江西
544,215,3,0,2020/02/18,山东
1261,552,19,0,2020/02/18,河南
61682,9128,1921,0,2020/02/18,湖北
1008,542,4,0,2020/02/18,湖南
1331,571,5,0,2020/02/18,广东
244,76,2,0,2020/02/18,广西
163,79,4,0,2020/02/18,海南
555,254,5,0,2020/02/18,重庆
514,177,3,0,2020/02/18,四川
146,69,2,0,2020/02/18,贵州
172,57,0,0,2020/02/18,云南
1,1,0,0,2020/02/18,西藏
240,89,0,0,2020/02/18,陕西
91,62,2,0,2020/02/18,甘肃
18,15,0,0,2020/02/18,青海
71,42,0,0,2020/02/18,宁夏
76,14,1,0,2020/02/18,新疆
22,2,1,0,2020/02/18,台湾
62,4,1,0,2020/02/18,香港
10,5,0,0,2020/02/18,澳门
395,153,4,0,2020/02/19,北京
130,54,3,0,2020/02/19,天津
307,152,5,0,2020/02/19,河北
131,68,0,0,2020/02/19,山西
75,11,0,0,2020/02/19,内蒙古
121,58,1,0,2020/02/19,辽宁
91,40,1,0,2020/02/19,吉林
476,123,12,0,2020/02/19,黑龙江
333,186,2,0,2020/02/19,上海
631,325,0,0,2020/02/19,江苏
1175,609,0,0,2020/02/19,浙江
987,424,6,0,2020/02/19,安徽
293,112,1,0,2020/02/19,福建
934,432,1,0,2020/02/19,江西
546,238,4,0,2020/02/19,山东
1265,614,19,0,2020/02/19,河南
62457,10337,2029,0,2020/02/19,湖北
1010,578,4,0,2020/02/19,湖南
1332,619,5,0,2020/02/19,广东
245,87,2,0,2020/02/19,广西
168,84,4,0,2020/02/19,海南
560,274,5,0,2020/02/19,重庆
520,198,3,0,2020/02/19,四川
146,71,2,0,2020/02/19,贵州
172,60,1,0,2020/02/19,云南
1,1,0,0,2020/02/19,西藏
242,89,0,0,2020/02/19,陕西
91,65,2,0,2020/02/19,甘肃
18,16,0,0,2020/02/19,青海
71,42,0,0,2020/02/19,宁夏
76,20,1,0,2020/02/19,新疆
24,2,1,0,2020/02/19,台湾
65,5,2,0,2020/02/19,香港
10,6,0,0,2020/02/19,澳门
396,169,4,0,2020/02/20,北京
131,59,3,0,2020/02/20,天津
308,170,5,0,2020/02/20,河北
132,76,0,0,2020/02/20,山西
75,16,0,0,2020/02/20,内蒙古
121,61,1,0,2020/02/20,辽宁
91,44,1,0,2020/02/20,吉林
479,141,12,0,2020/02/20,黑龙江
334,199,2,0,2020/02/20,上海
631,352,0,0,2020/02/20,江苏
1215,647,1,0,2020/02/20,浙江
988,500,6,0,2020/02/20,安徽
293,134,1,0,2020/02/20,福建
934,489,1,0,2020/02/20,江西
748,270,4,0,2020/02/20,山东
1267,717,19,0,2020/02/20,河南
63088,11788,2144,0,2020/02/20,湖北
1011,638,4,0,2020/02/20,湖南
1333,664,5,0,2020/02/20,广东
246,95,2,0,2020/02/20,广西
168,89,4,0,2020/02/20,海南
567,299,6,0,2020/02/20,重庆
525,222,3,0,2020/02/20,四川
146,76,2,0,2020/02/20,贵州
174,79,2,0,2020/02/20,云南
1,1,0,0,2020/02/20,西藏
245,110,1,0,2020/02/20,陕西
91,71,2,0,2020/02/20,甘肃
18,16,0,0,2020/02/20,青海
71,44,0,0,2020/02/20,宁夏
76,22,1,0,2020/02/20,新疆
24,2,1,0,2020/02/20,台湾
68,5,2,0,2020/02/20,香港
10,6,0,0,2020/02/20,澳门
399,178,4,0,2020/02/21,北京
133,62,3,0,2020/02/21,天津
309,184,6,0,2020/02/21,河北
132,78,0,0,2020/02/21,山西
75,22,0,0,2020/02/21,内蒙古
121,66,1,0,2020/02/21,辽宁
91,46,1,0,2020/02/21,吉林
479,183,12,0,2020/02/21,黑龙江
334,211,3,0,2020/02/21,上海
631,387,0,0,2020/02/21,江苏
1217,694,1,0,2020/02/21,浙江
989,566,6,0,2020/02/21,安徽
293,150,1,0,2020/02/21,福建
934,544,1,0,2020/02/21,江西
750,293,4,0,2020/02/21,山东
1270,802,19,0,2020/02/21,河南
63454,13557,2250,0,2020/02/21,湖北
1013,670,4,0,2020/02/21,湖南
1339,720,5,0,2020/02/21,广东
249,99,2,0,2020/02/21,广西
168,96,4,0,2020/02/21,海南
572,316,6,0,2020/02/21,重庆
526,242,3,0,2020/02/21,四川
146,90,2,0,2020/02/21,贵州
174,96,2,0,2020/02/21,云南
1,1,0,0,2020/02/21,西藏
245,117,1,0,2020/02/21,陕西
91,76,2,0,2020/02/21,甘肃
18,18,0,0,2020/02/21,青海
71,48,0,0,2020/02/21,宁夏
76,24,2,0,2020/02/21,新疆
26,2,1,0,2020/02/21,台湾
68,6,2,0,2020/02/21,香港
10,6,0,0,2020/02/21,澳门
399,189,4,0,2020/02/22,北京
135,65,3,0,2020/02/22,天津
311,204,6,0,2020/02/22,河北
132,81,0,0,2020/02/22,山西
75,26,0,0,2020/02/22,内蒙古
121,68,1,0,2020/02/22,辽宁
91,52,1,0,2020/02/22,吉林
480,215,12,0,2020/02/22,黑龙江
335,227,3,0,2020/02/22,上海
631,411,0,0,2020/02/22,江苏
1217,729,1,0,2020/02/22,浙江
989,620,6,0,2020/02/22,安徽
293,165,1,0,2020/02/22,福建
934,611,1,0,2020/02/22,江西
754,311,4,0,2020/02/22,山东
1271,861,19,0,2020/02/22,河南
63889,15299,2346,0,2020/02/22,湖北
1016,704,4,0,2020/02/22,湖南
1342,740,6,0,2020/02/22,广东
249,104,2,0,2020/02/22,广西
168,104,4,0,2020/02/22,海南
573,328,6,0,2020/02/22,重庆
526,256,3,0,2020/02/22,四川
146,91,2,0,2020/02/22,贵州
174,107,2,0,2020/02/22,云南
1,1,0,0,2020/02/22,西藏
245,140,1,0,2020/02/22,陕西
91,76,2,0,2020/02/22,甘肃
18,18,0,0,2020/02/22,青海
71,48,0,0,2020/02/22,宁夏
76,25,2,0,2020/02/22,新疆
26,2,1,0,2020/02/22,台湾
69,11,2,0,2020/02/22,香港
10,6,0,0,2020/02/22,澳门
399,198,4,0,2020/02/23,北京
135,81,3,0,2020/02/23,天津
311,221,6,0,2020/02/23,河北
132,88,0,0,2020/02/23,山西
75,30,0,0,2020/02/23,内蒙古
121,73,1,0,2020/02/23,辽宁
93,54,1,0,2020/02/23,吉林
480,224,12,0,2020/02/23,黑龙江
335,249,3,0,2020/02/23,上海
631,427,0,0,2020/02/23,江苏
1217,765,1,0,2020/02/23,浙江
989,648,6,0,2020/02/23,安徽
293,174,1,0,2020/02/23,福建
934,645,1,0,2020/02/23,江西
755,325,4,0,2020/02/23,山东
1271,930,19,0,2020/02/23,河南
64287,16738,2495,0,2020/02/23,湖北
1016,721,4,0,2020/02/23,湖南
1345,772,6,0,2020/02/23,广东
251,107,2,0,2020/02/23,广西
168,106,5,0,2020/02/23,海南
575,335,6,0,2020/02/23,重庆
527,263,3,0,2020/02/23,四川
146,102,2,0,2020/02/23,贵州
174,115,2,0,2020/02/23,云南
1,1,0,0,2020/02/23,西藏
245,153,1,0,2020/02/23,陕西
91,78,2,0,2020/02/23,甘肃
18,18,0,0,2020/02/23,青海
71,57,0,0,2020/02/23,宁夏
76,28,2,0,2020/02/23,新疆
28,5,1,0,2020/02/23,台湾
74,12,2,0,2020/02/23,香港
10,6,0,0,2020/02/23,澳门
400,215,4,0,2020/02/24,北京
135,87,3,0,2020/02/24,天津
311,241,6,0,2020/02/24,河北
133,94,0,0,2020/02/24,山西
75,34,0,0,2020/02/24,内蒙古
121,83,1,0,2020/02/24,辽宁
93,60,1,0,2020/02/24,吉林
480,232,12,0,2020/02/24,黑龙江
335,261,3,0,2020/02/24,上海
631,458,0,0,2020/02/24,江苏
1217,794,1,0,2020/02/24,浙江
989,692,6,0,2020/02/24,安徽
294,188,1,0,2020/02/24,福建
934,682,1,0,2020/02/24,江西
755,343,6,0,2020/02/24,山东
1271,989,19,0,2020/02/24,河南
64786,18854,2563,0,2020/02/24,湖北
1016,751,4,0,2020/02/24,湖南
1347,805,7,0,2020/02/24,广东
252,129,2,0,2020/02/24,广西
168,116,5,0,2020/02/24,海南
576,349,6,0,2020/02/24,重庆
529,278,3,0,2020/02/24,四川
146,103,2,0,2020/02/24,贵州
174,124,2,0,2020/02/24,云南
1,1,0,0,2020/02/24,西藏
245,175,1,0,2020/02/24,陕西
91,80,2,0,2020/02/24,甘肃
18,18,0,0,2020/02/24,青海
71,58,0,0,2020/02/24,宁夏
76,30,2,0,2020/02/24,新疆
30,5,1,0,2020/02/24,台湾
81,18,2,0,2020/02/24,香港
10,6,0,0,2020/02/24,澳门
400,235,4,0,2020/02/25,北京
135,91,3,0,2020/02/25,天津
312,248,6,0,2020/02/25,河北
133,98,0,0,2020/02/25,山西
75,35,0,0,2020/02/25,内蒙古
121,88,1,0,2020/02/25,辽宁
93,63,1,0,2020/02/25,吉林
480,245,12,0,2020/02/25,黑龙江
336,268,3,0,2020/02/25,上海
631,463,0,0,2020/02/25,江苏
1217,814,1,0,2020/02/25,浙江
989,727,6,0,2020/02/25,安徽
294,205,1,0,2020/02/25,福建
934,719,1,0,2020/02/25,江西
756,357,6,0,2020/02/25,山东
1271,1023,19,0,2020/02/25,河南
65187,20912,2615,0,2020/02/25,湖北
1016,779,4,0,2020/02/25,湖南
1347,841,7,0,2020/02/25,广东
252,138,2,0,2020/02/25,广西
168,124,5,0,2020/02/25,海南
576,372,6,0,2020/02/25,重庆
531,292,3,0,2020/02/25,四川
146,104,2,0,2020/02/25,贵州
174,129,2,0,2020/02/25,云南
1,1,0,0,2020/02/25,西藏
245,186,1,0,2020/02/25,陕西
91,80,2,0,2020/02/25,甘肃
18,18,0,0,2020/02/25,青海
71,61,0,0,2020/02/25,宁夏
76,30,2,0,2020/02/25,新疆
31,5,1,0,2020/02/25,台湾
85,18,2,0,2020/02/25,香港
10,7,0,0,2020/02/25,澳门
410,248,5,0,2020/02/26,北京
135,96,3,0,2020/02/26,天津
317,261,6,0,2020/02/26,河北
133,104,0,0,2020/02/26,山西
75,38,0,0,2020/02/26,内蒙古
121,92,1,0,2020/02/26,辽宁
93,65,1,0,2020/02/26,吉林
480,262,13,0,2020/02/26,黑龙江
337,272,3,0,2020/02/26,上海
631,494,0,0,2020/02/26,江苏
1217,881,1,0,2020/02/26,浙江
989,764,6,0,2020/02/26,安徽
296,225,1,0,2020/02/26,福建
934,754,1,0,2020/02/26,江西
756,381,6,0,2020/02/26,山东
1272,1062,20,0,2020/02/26,河南
65596,23200,2641,0,2020/02/26,湖北
1017,793,4,0,2020/02/26,湖南
1347,873,7,0,2020/02/26,广东
252,159,2,0,2020/02/26,广西
168,129,5,0,2020/02/26,海南
576,384,6,0,2020/02/26,重庆
534,310,3,0,2020/02/26,四川
146,112,2,0,2020/02/26,贵州
174,144,2,0,2020/02/26,云南
1,1,0,0,2020/02/26,西藏
245,194,1,0,2020/02/26,陕西
91,81,2,0,2020/02/26,甘肃
18,18,0,0,2020/02/26,青海
72,65,0,0,2020/02/26,宁夏
76,34,2,0,2020/02/26,新疆
32,5,1,0,2020/02/26,台湾
91,24,2,0,2020/02/26,香港
10,7,0,0,2020/02/26,澳门
410,257,7,0,2020/02/27,北京
136,102,3,0,2020/02/27,天津
318,274,6,0,2020/02/27,河北
133,107,0,0,2020/02/27,山西
75,43,0,0,2020/02/27,内蒙古
121,93,1,0,2020/02/27,辽宁
93,68,1,0,2020/02/27,吉林
480,280,13,0,2020/02/27,黑龙江
337,276,3,0,2020/02/27,上海
631,506,0,0,2020/02/27,江苏
1217,943,1,0,2020/02/27,浙江
990,814,6,0,2020/02/27,安徽
296,232,1,0,2020/02/27,福建
935,790,1,0,2020/02/27,江西
756,390,6,0,2020/02/27,山东
1272,1103,20,0,2020/02/27,河南
65914,26403,2682,0,2020/02/27,湖北
1017,820,4,0,2020/02/27,湖南
1348,919,7,0,2020/02/27,广东
252,166,2,0,2020/02/27,广西
168,132,5,0,2020/02/27,海南
576,401,6,0,2020/02/27,重庆
538,326,3,0,2020/02/27,四川
146,112,2,0,2020/02/27,贵州
174,150,2,0,2020/02/27,云南
1,1,0,0,2020/02/27,西藏
245,197,1,0,2020/02/27,陕西
91,82,2,0,2020/02/27,甘肃
18,18,0,0,2020/02/27,青海
72,68,0,0,2020/02/27,宁夏
76,43,3,0,2020/02/27,新疆
32,6,1,0,2020/02/27,台湾
93,26,2,0,2020/02/27,香港
10,8,0,0,2020/02/27,澳门
411,271,8,0,2020/02/28,北京
136,105,3,0,2020/02/28,天津
318,277,6,0,2020/02/28,河北
133,112,0,0,2020/02/28,山西
75,46,0,0,2020/02/28,内蒙古
121,95,1,0,2020/02/28,辽宁
93,73,1,0,2020/02/28,吉林
480,295,13,0,2020/02/28,黑龙江
337,279,3,0,2020/02/28,上海
631,519,0,0,2020/02/28,江苏
1217,987,1,0,2020/02/28,浙江
990,842,6,0,2020/02/28,安徽
296,241,1,0,2020/02/28,福建
935,811,1,0,2020/02/28,江西
756,411,6,0,2020/02/28,山东
1272,1161,21,0,2020/02/28,河南
66337,28895,2727,0,2020/02/28,湖北
1018,841,4,0,2020/02/28,湖南
1349,972,7,0,2020/02/28,广东
252,172,2,0,2020/02/28,广西
168,136,5,0,2020/02/28,海南
576,422,6,0,2020/02/28,重庆
538,350,3,0,2020/02/28,四川
146,112,2,0,2020/02/28,贵州
174,156,2,0,2020/02/28,云南
1,1,0,0,2020/02/28,西藏
245,200,1,0,2020/02/28,陕西
91,82,2,0,2020/02/28,甘肃
18,18,0,0,2020/02/28,青海
73,68,0,0,2020/02/28,宁夏
76,52,3,0,2020/02/28,新疆
34,9,1,0,2020/02/28,台湾
94,30,2,0,2020/02/28,香港
10,8,0,0,2020/02/28,澳门
413,276,8,0,2020/02/29,北京
136,109,3,0,2020/02/29,天津
318,283,6,0,2020/02/29,河北
133,114,0,0,2020/02/29,山西
75,51,0,0,2020/02/29,内蒙古
122,101,1,0,2020/02/29,辽宁
93,75,1,0,2020/02/29,吉林
480,330,13,0,2020/02/29,黑龙江
337,287,3,0,2020/02/29,上海
631,529,0,0,2020/02/29,江苏
1217,1027,1,0,2020/02/29,浙江
990,868,6,0,2020/02/29,安徽
296,243,1,0,2020/02/29,福建
935,831,1,0,2020/02/29,江西
756,431,6,0,2020/02/29,山东
1272,1185,22,0,2020/02/29,河南
66907,31187,2761,0,2020/02/29,湖北
1018,853,4,0,2020/02/29,湖南
1349,1009,7,0,2020/02/29,广东
252,179,2,0,2020/02/29,广西
168,148,5,0,2020/02/29,海南
576,438,6,0,2020/02/29,重庆
538,363,3,0,2020/02/29,四川
146,112,2,0,2020/02/29,贵州
174,157,2,0,2020/02/29,云南
1,1,0,0,2020/02/29,西藏
245,207,1,0,2020/02/29,陕西
91,82,2,0,2020/02/29,甘肃
18,18,0,0,2020/02/29,青海
73,69,0,0,2020/02/29,宁夏
76,62,3,0,2020/02/29,新疆
39,9,1,0,2020/02/29,台湾
95,33,2,0,2020/02/29,香港
10,8,0,0,2020/02/29,澳门
414,282,8,0,2020/03/01,北京
136,111,3,0,2020/03/01,天津
318,294,6,0,2020/03/01,河北
133,116,0,0,2020/03/01,山西
75,51,0,0,2020/03/01,内蒙古
122,103,1,0,2020/03/01,辽宁
93,78,1,0,2020/03/01,吉林
480,350,13,0,2020/03/01,黑龙江
337,290,3,0,2020/03/01,上海
631,536,0,0,2020/03/01,江苏
1218,1050,1,0,2020/03/01,浙江
990,888,6,0,2020/03/01,安徽
296,247,1,0,2020/03/01,福建
935,850,1,0,2020/03/01,江西
758,455,6,0,2020/03/01,山东
1272,1205,22,0,2020/03/01,河南
67103,33757,2803,0,2020/03/01,湖北
1018,876,4,0,2020/03/01,湖南
1350,1034,7,0,2020/03/01,广东
252,188,2,0,2020/03/01,广西
168,151,5,0,2020/03/01,海南
576,450,6,0,2020/03/01,重庆
538,378,3,0,2020/03/01,四川
146,114,2,0,2020/03/01,贵州
174,163,2,0,2020/03/01,云南
1,1,0,0,2020/03/01,西藏
245,209,1,0,2020/03/01,陕西
91,84,2,0,2020/03/01,甘肃
18,18,0,0,2020/03/01,青海
74,69,0,0,2020/03/01,宁夏
76,64,3,0,2020/03/01,新疆
40,12,1,0,2020/03/01,台湾
98,36,2,0,2020/03/01,香港
10,8,0,0,2020/03/01,澳门
414,288,8,0,2020/03/02,北京
136,118,3,0,2020/03/02,天津
318,297,6,0,2020/03/02,河北
133,119,0,0,2020/03/02,山西
75,54,0,0,2020/03/02,内蒙古
125,103,1,0,2020/03/02,辽宁
93,83,1,0,2020/03/02,吉林
480,358,13,0,2020/03/02,黑龙江
338,292,3,0,2020/03/02,上海
631,555,0,0,2020/03/02,江苏
1225,1086,1,0,2020/03/02,浙江
990,917,6,0,2020/03/02,安徽
296,255,1,0,2020/03/02,福建
935,870,1,0,2020/03/02,江西
758,497,6,0,2020/03/02,山东
1272,1223,22,0,2020/03/02,河南
67217,36167,2834,0,2020/03/02,湖北
1018,892,4,0,2020/03/02,湖南
1350,1081,7,0,2020/03/02,广东
252,202,2,0,2020/03/02,广西
168,151,5,0,2020/03/02,海南
576,469,6,0,2020/03/02,重庆
538,389,3,0,2020/03/02,四川
146,114,2,0,2020/03/02,贵州
174,168,2,0,2020/03/02,云南
1,1,0,0,2020/03/02,西藏
245,216,1,0,2020/03/02,陕西
91,85,2,0,2020/03/02,甘肃
18,18,0,0,2020/03/02,青海
74,69,0,0,2020/03/02,宁夏
76,67,3,0,2020/03/02,新疆
41,12,1,0,2020/03/02,台湾
100,36,2,0,2020/03/02,香港
10,8,0,0,2020/03/02,澳门
417,294,8,0,2020/03/03,北京
136,124,3,0,2020/03/03,天津
318,300,6,0,2020/03/03,河北
133,124,0,0,2020/03/03,山西
75,59,1,0,2020/03/03,内蒙古
125,106,1,0,2020/03/03,辽宁
93,84,1,0,2020/03/03,吉林
480,372,13,0,2020/03/03,黑龙江
338,294,3,0,2020/03/03,上海
631,565,0,0,2020/03/03,江苏
1225,1107,1,0,2020/03/03,浙江
990,941,6,0,2020/03/03,安徽
296,261,1,0,2020/03/03,福建
935,884,1,0,2020/03/03,江西
758,511,6,0,2020/03/03,山东
1272,1234,22,0,2020/03/03,河南
67332,38556,2871,0,2020/03/03,湖北
1018,913,4,0,2020/03/03,湖南
1350,1129,7,0,2020/03/03,广东
252,210,2,0,2020/03/03,广西
168,155,5,0,2020/03/03,海南
576,490,6,0,2020/03/03,重庆
538,400,3,0,2020/03/03,四川
146,114,2,0,2020/03/03,贵州
174,169,2,0,2020/03/03,云南
1,1,0,0,2020/03/03,西藏
245,218,1,0,2020/03/03,陕西
91,86,2,0,2020/03/03,甘肃
18,18,0,0,2020/03/03,青海
75,69,0,0,2020/03/03,宁夏
76,68,3,0,2020/03/03,新疆
42,12,1,0,2020/03/03,台湾
100,37,2,0,2020/03/03,香港
10,9,0,0,2020/03/03,澳门
418,297,8,0,2020/03/04,北京
136,128,3,0,2020/03/04,天津
318,301,6,0,2020/03/04,河北
133,124,0,0,2020/03/04,山西
75,63,1,0,2020/03/04,内蒙古
125,106,1,0,2020/03/04,辽宁
93,86,1,0,2020/03/04,吉林
481,379,13,0,2020/03/04,黑龙江
338,298,3,0,2020/03/04,上海
631,580,0,0,2020/03/04,江苏
1227,1130,1,0,2020/03/04,浙江
990,956,6,0,2020/03/04,安徽
296,270,1,0,2020/03/04,福建
935,901,1,0,2020/03/04,江西
758,576,6,0,2020/03/04,山东
1272,1239,22,0,2020/03/04,河南
67466,40479,2902,0,2020/03/04,湖北
1018,933,4,0,2020/03/04,湖南
1350,1159,7,0,2020/03/04,广东
252,213,2,0,2020/03/04,广西
168,158,5,0,2020/03/04,海南
576,502,6,0,2020/03/04,重庆
539,418,3,0,2020/03/04,四川
146,114,2,0,2020/03/04,贵州
174,169,2,0,2020/03/04,云南
1,1,0,0,2020/03/04,西藏
245,222,1,0,2020/03/04,陕西
91,87,2,0,2020/03/04,甘肃
18,18,0,0,2020/03/04,青海
75,69,0,0,2020/03/04,宁夏
76,69,3,0,2020/03/04,新疆
42,12,1,0,2020/03/04,台湾
104,43,2,0,2020/03/04,香港
10,9,0,0,2020/03/04,澳门
422,298,8,0,2020/03/05,北京
136,128,3,0,2020/03/05,天津
318,304,6,0,2020/03/05,河北
133,126,0,0,2020/03/05,山西
75,65,1,0,2020/03/05,内蒙古
125,106,1,0,2020/03/05,辽宁
93,88,1,0,2020/03/05,吉林
481,380,13,0,2020/03/05,黑龙江
339,303,3,0,2020/03/05,上海
631,588,0,0,2020/03/05,江苏
1227,1153,1,0,2020/03/05,浙江
990,970,6,0,2020/03/05,安徽
296,278,1,0,2020/03/05,福建
935,908,1,0,2020/03/05,江西
758,602,6,0,2020/03/05,山东
1272,1241,22,0,2020/03/05,河南
67592,41966,2931,0,2020/03/05,湖北
1018,946,4,0,2020/03/05,湖南
1351,1209,7,0,2020/03/05,广东
252,217,2,0,2020/03/05,广西
168,158,6,0,2020/03/05,海南
576,512,6,0,2020/03/05,重庆
539,428,3,0,2020/03/05,四川
146,114,2,0,2020/03/05,贵州
174,169,2,0,2020/03/05,云南
1,1,0,0,2020/03/05,西藏
245,224,1,0,2020/03/05,陕西
102,87,2,0,2020/03/05,甘肃
18,18,0,0,2020/03/05,青海
75,69,0,0,2020/03/05,宁夏
76,70,3,0,2020/03/05,新疆
44,12,1,0,2020/03/05,台湾
104,46,2,0,2020/03/05,香港
10,9,0,0,2020/03/05,澳门
426,303,8,0,2020/03/06,北京
136,128,3,0,2020/03/06,天津
318,305,6,0,2020/03/06,河北
133,126,0,0,2020/03/06,山西
75,65,1,0,2020/03/06,内蒙古
125,106,1,0,2020/03/06,辽宁
93,90,1,0,2020/03/06,吉林
481,402,13,0,2020/03/06,黑龙江
342,306,3,0,2020/03/06,上海
631,601,0,0,2020/03/06,江苏
1227,1161,1,0,2020/03/06,浙江
990,979,6,0,2020/03/06,安徽
296,284,1,0,2020/03/06,福建
935,916,1,0,2020/03/06,江西
758,625,6,0,2020/03/06,山东
1272,1243,22,0,2020/03/06,河南
67666,43468,2959,0,2020/03/06,湖北
1018,959,4,0,2020/03/06,湖南
1352,1233,7,0,2020/03/06,广东
252,219,2,0,2020/03/06,广西
168,158,6,0,2020/03/06,海南
576,520,6,0,2020/03/06,重庆
539,448,3,0,2020/03/06,四川
146,115,2,0,2020/03/06,贵州
174,170,2,0,2020/03/06,云南
1,1,0,0,2020/03/06,西藏
245,226,1,0,2020/03/06,陕西
119,87,2,0,2020/03/06,甘肃
18,18,0,0,2020/03/06,青海
75,71,0,0,2020/03/06,宁夏
76,71,3,0,2020/03/06,新疆
45,12,1,0,2020/03/06,台湾
107,51,2,0,2020/03/06,香港
10,10,0,0,2020/03/06,澳门
428,308,8,0,2020/03/07,北京
136,128,3,0,2020/03/07,天津
318,307,6,0,2020/03/07,河北
133,126,0,0,2020/03/07,山西
75,68,1,0,2020/03/07,内蒙古
125,108,1,0,2020/03/07,辽宁
93,90,1,0,2020/03/07,吉林
481,409,13,0,2020/03/07,黑龙江
342,313,3,0,2020/03/07,上海
631,610,0,0,2020/03/07,江苏
1227,1169,1,0,2020/03/07,浙江
990,981,6,0,2020/03/07,安徽
296,295,1,0,2020/03/07,福建
935,918,1,0,2020/03/07,江西
758,637,6,0,2020/03/07,山东
1272,1246,22,0,2020/03/07,河南
67707,45011,2986,0,2020/03/07,湖北
1018,965,4,0,2020/03/07,湖南
1352,1250,7,0,2020/03/07,广东
252,223,2,0,2020/03/07,广西
168,158,6,0,2020/03/07,海南
576,526,6,0,2020/03/07,重庆
539,457,3,0,2020/03/07,四川
146,117,2,0,2020/03/07,贵州
174,170,2,0,2020/03/07,云南
1,1,0,0,2020/03/07,西藏
245,226,1,0,2020/03/07,陕西
120,87,2,0,2020/03/07,甘肃
18,18,0,0,2020/03/07,青海
75,71,0,0,2020/03/07,宁夏
76,72,3,0,2020/03/07,新疆
45,13,1,0,2020/03/07,台湾
109,55,2,0,2020/03/07,香港
10,10,0,0,2020/03/07,澳门
428,315,8,0,2020/03/08,北京
136,129,3,0,2020/03/08,天津
318,307,6,0,2020/03/08,河北
133,126,0,0,2020/03/08,山西
75,70,1,0,2020/03/08,内蒙古
125,109,1,0,2020/03/08,辽宁
93,90,1,0,2020/03/08,吉林
481,421,13,0,2020/03/08,黑龙江
342,314,3,0,2020/03/08,上海
631,618,0,0,2020/03/08,江苏
1227,1182,1,0,2020/03/08,浙江
990,984,6,0,2020/03/08,安徽
296,295,1,0,2020/03/08,福建
935,923,1,0,2020/03/08,江西
758,647,6,0,2020/03/08,山东
1272,1247,22,0,2020/03/08,河南
67743,46433,3007,0,2020/03/08,湖北
1018,979,4,0,2020/03/08,湖南
1352,1260,8,0,2020/03/08,广东
252,230,2,0,2020/03/08,广西
168,159,6,0,2020/03/08,海南
576,527,6,0,2020/03/08,重庆
539,465,3,0,2020/03/08,四川
146,123,2,0,2020/03/08,贵州
174,170,2,0,2020/03/08,云南
1,1,0,0,2020/03/08,西藏
245,227,1,0,2020/03/08,陕西
124,87,2,0,2020/03/08,甘肃
18,18,0,0,2020/03/08,青海
75,71,0,0,2020/03/08,宁夏
76,73,3,0,2020/03/08,新疆
45,15,1,0,2020/03/08,台湾
114,59,3,0,2020/03/08,香港
10,10,0,0,2020/03/08,澳门
429,320,8,0,2020/03/09,北京
136,130,3,0,2020/03/09,天津
318,307,6,0,2020/03/09,河北
133,127,0,0,2020/03/09,山西
75,70,1,0,2020/03/09,内蒙古
125,110,1,0,2020/03/09,辽宁
93,91,1,0,2020/03/09,吉林
481,434,13,0,2020/03/09,黑龙江
342,315,3,0,2020/03/09,上海
631,622,0,0,2020/03/09,江苏
1227,1190,1,0,2020/03/09,浙江
990,984,6,0,2020/03/09,安徽
296,295,1,0,2020/03/09,福建
935,927,1,0,2020/03/09,江西
758,703,6,0,2020/03/09,山东
1272,1247,22,0,2020/03/09,河南
67760,47585,3024,0,2020/03/09,湖北
1018,988,4,0,2020/03/09,湖南
1353,1270,8,0,2020/03/09,广东
252,234,2,0,2020/03/09,广西
168,159,6,0,2020/03/09,海南
576,542,6,0,2020/03/09,重庆
539,470,3,0,2020/03/09,四川
146,129,2,0,2020/03/09,贵州
174,170,2,0,2020/03/09,云南
1,1,0,0,2020/03/09,西藏
245,227,1,0,2020/03/09,陕西
124,88,2,0,2020/03/09,甘肃
18,18,0,0,2020/03/09,青海
75,71,0,0,2020/03/09,宁夏
76,73,3,0,2020/03/09,新疆
45,15,1,0,2020/03/09,台湾
115,60,3,0,2020/03/09,香港
10,10,0,0,2020/03/09,澳门
435,326,8,0,2020/03/10,北京
136,131,3,0,2020/03/10,天津
318,307,6,0,2020/03/10,河北
133,131,0,0,2020/03/10,山西
75,70,1,0,2020/03/10,内蒙古
125,111,1,0,2020/03/10,辽宁
93,91,1,0,2020/03/10,吉林
482,435,13,0,2020/03/10,黑龙江
344,319,3,0,2020/03/10,上海
631,627,0,0,2020/03/10,江苏
1227,1205,1,0,2020/03/10,浙江
990,984,6,0,2020/03/10,安徽
296,295,1,0,2020/03/10,福建
935,932,1,0,2020/03/10,江西
759,721,6,0,2020/03/10,山东
1272,1249,22,0,2020/03/10,河南
67773,49056,3046,0,2020/03/10,湖北
1018,995,4,0,2020/03/10,湖南
1353,1282,8,0,2020/03/10,广东
252,237,2,0,2020/03/10,广西
168,159,6,0,2020/03/10,海南
576,547,6,0,2020/03/10,重庆
539,484,3,0,2020/03/10,四川
146,133,2,0,2020/03/10,贵州
174,170,2,0,2020/03/10,云南
1,1,0,0,2020/03/10,西藏
245,227,1,0,2020/03/10,陕西
125,88,2,0,2020/03/10,甘肃
18,18,0,0,2020/03/10,青海
75,71,0,0,2020/03/10,宁夏
76,73,3,0,2020/03/10,新疆
47,17,1,0,2020/03/10,台湾
120,65,3,0,2020/03/10,香港
10,10,0,0,2020/03/10,澳门
435,334,8,0,2020/03/11,北京
136,132,3,0,2020/03/11,天津
318,307,6,0,2020/03/11,河北
133,131,0,0,2020/03/11,山西
75,71,1,0,2020/03/11,内蒙古
125,111,1,0,2020/03/11,辽宁
93,91,1,0,2020/03/11,吉林
482,440,13,0,2020/03/11,黑龙江
344,320,3,0,2020/03/11,上海
631,628,0,0,2020/03/11,江苏
1227,1209,1,0,2020/03/11,浙江
990,984,6,0,2020/03/11,安徽
296,295,1,0,2020/03/11,福建
935,934,1,0,2020/03/11,江西
760,733,6,0,2020/03/11,山东
1273,1249,22,0,2020/03/11,河南
67781,50298,3056,0,2020/03/11,湖北
1018,998,4,0,2020/03/11,湖南
1356,1288,8,0,2020/03/11,广东
252,241,2,0,2020/03/11,广西
168,160,6,0,2020/03/11,海南
576,554,6,0,2020/03/11,重庆
539,494,3,0,2020/03/11,四川
146,137,2,0,2020/03/11,贵州
174,170,2,0,2020/03/11,云南
1,1,0,0,2020/03/11,西藏
245,232,2,0,2020/03/11,陕西
127,88,2,0,2020/03/11,甘肃
18,18,0,0,2020/03/11,青海
75,72,0,0,2020/03/11,宁夏
76,73,3,0,2020/03/11,新疆
48,17,1,0,2020/03/11,台湾
129,67,3,0,2020/03/11,香港
10,10,0,0,2020/03/11,澳门
436,342,8,0,2020/03/12,北京
136,132,3,0,2020/03/12,天津
318,310,6,0,2020/03/12,河北
133,132,0,0,2020/03/12,山西
75,71,1,0,2020/03/12,内蒙古
125,112,1,0,2020/03/12,辽宁
93,91,1,0,2020/03/12,吉林
482,446,13,0,2020/03/12,黑龙江
346,321,3,0,2020/03/12,上海
631,630,0,0,2020/03/12,江苏
1227,1209,1,0,2020/03/12,浙江
990,984,6,0,2020/03/12,安徽
296,295,1,0,2020/03/12,福建
935,934,1,0,2020/03/12,江西
760,739,7,0,2020/03/12,山东
1273,1249,22,0,2020/03/12,河南
67786,51553,3062,0,2020/03/12,湖北
1018,1004,4,0,2020/03/12,湖南
1356,1296,8,0,2020/03/12,广东
252,243,2,0,2020/03/12,广西
168,160,6,0,2020/03/12,海南
576,564,6,0,2020/03/12,重庆
539,500,3,0,2020/03/12,四川
146,140,2,0,2020/03/12,贵州
174,170,2,0,2020/03/12,云南
1,1,0,0,2020/03/12,西藏
245,232,2,0,2020/03/12,陕西
127,88,2,0,2020/03/12,甘肃
18,18,0,0,2020/03/12,青海
75,72,0,0,2020/03/12,宁夏
76,73,3,0,2020/03/12,新疆
49,20,1,0,2020/03/12,台湾
131,75,3,0,2020/03/12,香港
10,10,0,0,2020/03/12,澳门
437,349,8,0,2020/03/13,北京
136,132,3,0,2020/03/13,天津
318,310,6,0,2020/03/13,河北
133,133,0,0,2020/03/13,山西
75,71,1,0,2020/03/13,内蒙古
125,113,1,0,2020/03/13,辽宁
93,91,1,0,2020/03/13,吉林
482,447,13,0,2020/03/13,黑龙江
350,324,3,0,2020/03/13,上海
631,630,0,0,2020/03/13,江苏
1227,1211,1,0,2020/03/13,浙江
990,984,6,0,2020/03/13,安徽
296,295,1,0,2020/03/13,福建
935,934,1,0,2020/03/13,江西
760,740,7,0,2020/03/13,山东
1273,1249,22,0,2020/03/13,河南
67790,52943,3075,0,2020/03/13,湖北
1018,1009,4,0,2020/03/13,湖南
1356,1299,8,0,2020/03/13,广东
252,243,2,0,2020/03/13,广西
168,160,6,0,2020/03/13,海南
576,566,6,0,2020/03/13,重庆
539,510,3,0,2020/03/13,四川
146,143,2,0,2020/03/13,贵州
174,170,2,0,2020/03/13,云南
1,1,0,0,2020/03/13,西藏
245,232,2,0,2020/03/13,陕西
129,89,2,0,2020/03/13,甘肃
18,18,0,0,2020/03/13,青海
75,72,0,0,2020/03/13,宁夏
76,73,3,0,2020/03/13,新疆
50,20,1,0,2020/03/13,台湾
137,78,4,0,2020/03/13,香港
10,10,0,0,2020/03/13,澳门
442,353,8,0,2020/03/14,北京
136,132,3,0,2020/03/14,天津
318,310,6,0,2020/03/14,河北
133,133,0,0,2020/03/14,山西
75,71,1,0,2020/03/14,内蒙古
125,113,1,0,2020/03/14,辽宁
93,91,1,0,2020/03/14,吉林
482,453,13,0,2020/03/14,黑龙江
353,324,3,0,2020/03/14,上海
631,631,0,0,2020/03/14,江苏
1231,1211,1,0,2020/03/14,浙江
990,984,6,0,2020/03/14,安徽
296,295,1,0,2020/03/14,福建
935,934,1,0,2020/03/14,江西
760,741,7,0,2020/03/14,山东
1273,1250,22,0,2020/03/14,河南
67794,54278,3085,0,2020/03/14,湖北
1018,1014,4,0,2020/03/14,湖南
1357,1303,8,0,2020/03/14,广东
252,243,2,0,2020/03/14,广西
168,160,6,0,2020/03/14,海南
576,569,6,0,2020/03/14,重庆
539,515,3,0,2020/03/14,四川
146,143,2,0,2020/03/14,贵州
174,172,2,0,2020/03/14,云南
1,1,0,0,2020/03/14,西藏
245,232,2,0,2020/03/14,陕西
132,91,2,0,2020/03/14,甘肃
18,18,0,0,2020/03/14,青海
75,73,0,0,2020/03/14,宁夏
76,73,3,0,2020/03/14,新疆
53,20,1,0,2020/03/14,台湾
141,81,4,0,2020/03/14,香港
10,10,0,0,2020/03/14,澳门
446,358,8,0,2020/03/15,北京
136,133,3,0,2020/03/15,天津
318,310,6,0,2020/03/15,河北
133,133,0,0,2020/03/15,山西
75,71,1,0,2020/03/15,内蒙古
125,114,1,0,2020/03/15,辽宁
93,92,1,0,2020/03/15,吉林
482,454,13,0,2020/03/15,黑龙江
355,324,3,0,2020/03/15,上海
631,631,0,0,2020/03/15,江苏
1231,1213,1,0,2020/03/15,浙江
990,984,6,0,2020/03/15,安徽
296,295,1,0,2020/03/15,福建
935,934,1,0,2020/03/15,江西
760,743,7,0,2020/03/15,山东
1273,1250,22,0,2020/03/15,河南
67798,55094,3099,0,2020/03/15,湖北
1018,1014,4,0,2020/03/15,湖南
1361,1306,8,0,2020/03/15,广东
252,247,2,0,2020/03/15,广西
168,160,6,0,2020/03/15,海南
576,570,6,0,2020/03/15,重庆
539,516,3,0,2020/03/15,四川
146,143,2,0,2020/03/15,贵州
175,172,2,0,2020/03/15,云南
1,1,0,0,2020/03/15,西藏
245,232,2,0,2020/03/15,陕西
133,91,2,0,2020/03/15,甘肃
18,18,0,0,2020/03/15,青海
75,73,0,0,2020/03/15,宁夏
76,73,3,0,2020/03/15,新疆
59,20,1,0,2020/03/15,台湾
148,84,4,0,2020/03/15,香港
10,10,0,0,2020/03/15,澳门
455,368,8,0,2020/03/16,北京
136,133,3,0,2020/03/16,天津
318,310,6,0,2020/03/16,河北
133,133,0,0,2020/03/16,山西
75,73,1,0,2020/03/16,内蒙古
125,119,1,0,2020/03/16,辽宁
93,92,1,0,2020/03/16,吉林
482,456,13,0,2020/03/16,黑龙江
358,325,3,0,2020/03/16,上海
631,631,0,0,2020/03/16,江苏
1232,1216,1,0,2020/03/16,浙江
990,984,6,0,2020/03/16,安徽
296,295,1,0,2020/03/16,福建
935,934,1,0,2020/03/16,江西
761,746,7,0,2020/03/16,山东
1273,1250,22,0,2020/03/16,河南
67799,55987,3111,0,2020/03/16,湖北
1018,1014,4,0,2020/03/16,湖南
1364,1307,8,0,2020/03/16,广东
253,248,2,0,2020/03/16,广西
168,161,6,0,2020/03/16,海南
576,570,6,0,2020/03/16,重庆
539,520,3,0,2020/03/16,四川
146,144,2,0,2020/03/16,贵州
176,172,2,0,2020/03/16,云南
1,1,0,0,2020/03/16,西藏
246,233,3,0,2020/03/16,陕西
133,91,2,0,2020/03/16,甘肃
18,18,0,0,2020/03/16,青海
75,75,0,0,2020/03/16,宁夏
76,73,3,0,2020/03/16,新疆
67,22,1,0,2020/03/16,台湾
157,88,4,0,2020/03/16,香港
11,10,0,0,2020/03/16,澳门
458,373,8,0,2020/03/17,北京
136,133,3,0,2020/03/17,天津
318,310,6,0,2020/03/17,河北
133,133,0,0,2020/03/17,山西
75,73,1,0,2020/03/17,内蒙古
125,122,1,0,2020/03/17,辽宁
93,92,1,0,2020/03/17,吉林
482,459,13,0,2020/03/17,黑龙江
361,325,3,0,2020/03/17,上海
631,631,0,0,2020/03/17,江苏
1232,1216,1,0,2020/03/17,浙江
990,984,6,0,2020/03/17,安徽
296,295,1,0,2020/03/17,福建
935,934,1,0,2020/03/17,江西
761,746,7,0,2020/03/17,山东
1273,1250,22,0,2020/03/17,河南
67800,56883,3122,0,2020/03/17,湖北
1018,1014,4,0,2020/03/17,湖南
1369,1312,8,0,2020/03/17,广东
253,250,2,0,2020/03/17,广西
168,161,6,0,2020/03/17,海南
576,570,6,0,2020/03/17,重庆
540,525,3,0,2020/03/17,四川
146,144,2,0,2020/03/17,贵州
176,172,2,0,2020/03/17,云南
1,1,0,0,2020/03/17,西藏
246,236,3,0,2020/03/17,陕西
133,91,2,0,2020/03/17,甘肃
18,18,0,0,2020/03/17,青海
75,75,0,0,2020/03/17,宁夏
76,73,3,0,2020/03/17,新疆
77,22,1,0,2020/03/17,台湾
167,92,4,0,2020/03/17,香港
13,10,0,0,2020/03/17,澳门
479,379,8,0,2020/03/18,北京
136,133,3,0,2020/03/18,天津
318,310,6,0,2020/03/18,河北
133,133,0,0,2020/03/18,山西
75,74,1,0,2020/03/18,内蒙古
125,122,1,0,2020/03/18,辽宁
93,92,1,0,2020/03/18,吉林
483,460,13,0,2020/03/18,黑龙江
363,326,3,0,2020/03/18,上海
631,631,0,0,2020/03/18,江苏
1233,1217,1,0,2020/03/18,浙江
990,984,6,0,2020/03/18,安徽
296,295,1,0,2020/03/18,福建
935,934,1,0,2020/03/18,江西
761,747,7,0,2020/03/18,山东
1273,1250,22,0,2020/03/18,河南
67800,57678,3130,0,2020/03/18,湖北
1018,1014,4,0,2020/03/18,湖南
1378,1318,8,0,2020/03/18,广东
253,250,2,0,2020/03/18,广西
168,161,6,0,2020/03/18,海南
576,570,6,0,2020/03/18,重庆
540,531,3,0,2020/03/18,四川
146,144,2,0,2020/03/18,贵州
176,172,2,0,2020/03/18,云南
1,1,0,0,2020/03/18,西藏
246,237,3,0,2020/03/18,陕西
133,91,2,0,2020/03/18,甘肃
18,18,0,0,2020/03/18,青海
75,75,0,0,2020/03/18,宁夏
76,73,3,0,2020/03/18,新疆
100,22,1,0,2020/03/18,台湾
192,95,4,0,2020/03/18,香港
15,10,0,0,2020/03/18,澳门
485,384,8,0,2020/03/19,北京
137,133,3,0,2020/03/19,天津
318,310,6,0,2020/03/19,河北
133,133,0,0,2020/03/19,山西
75,74,1,0,2020/03/19,内蒙古
126,122,2,0,2020/03/19,辽宁
93,92,1,0,2020/03/19,吉林
484,463,13,0,2020/03/19,黑龙江
371,326,3,0,2020/03/19,上海
631,631,0,0,2020/03/19,江苏
1234,1219,1,0,2020/03/19,浙江
990,984,6,0,2020/03/19,安徽
299,295,1,0,2020/03/19,福建
935,934,1,0,2020/03/19,江西
762,748,7,0,2020/03/19,山东
1273,1250,22,0,2020/03/19,河南
67800,58381,3132,0,2020/03/19,湖北
1018,1014,4,0,2020/03/19,湖南
1392,1322,8,0,2020/03/19,广东
254,250,2,0,2020/03/19,广西
168,161,6,0,2020/03/19,海南
576,570,6,0,2020/03/19,重庆
541,536,3,0,2020/03/19,四川
146,144,2,0,2020/03/19,贵州
176,172,2,0,2020/03/19,云南
1,1,0,0,2020/03/19,西藏
247,237,3,0,2020/03/19,陕西
134,98,2,0,2020/03/19,甘肃
18,18,0,0,2020/03/19,青海
75,75,0,0,2020/03/19,宁夏
76,73,3,0,2020/03/19,新疆
108,26,1,0,2020/03/19,台湾
208,98,4,0,2020/03/19,香港
17,10,0,0,2020/03/19,澳门
499,392,8,0,2020/03/20,北京
137,133,3,0,2020/03/20,天津
318,310,6,0,2020/03/20,河北
133,133,0,0,2020/03/20,山西
75,74,1,0,2020/03/20,内蒙古
126,122,2,0,2020/03/20,辽宁
93,92,1,0,2020/03/20,吉林
484,463,13,0,2020/03/20,黑龙江
380,326,3,0,2020/03/20,上海
631,631,0,0,2020/03/20,江苏
1236,1219,1,0,2020/03/20,浙江
990,984,6,0,2020/03/20,安徽
303,295,1,0,2020/03/20,福建
935,934,1,0,2020/03/20,江西
764,749,7,0,2020/03/20,山东
1273,1250,22,0,2020/03/20,河南
67800,58942,3139,0,2020/03/20,湖北
1018,1014,4,0,2020/03/20,湖南
1399,1325,8,0,2020/03/20,广东
254,250,2,0,2020/03/20,广西
168,161,6,0,2020/03/20,海南
576,570,6,0,2020/03/20,重庆
542,536,3,0,2020/03/20,四川
146,144,2,0,2020/03/20,贵州
176,172,2,0,2020/03/20,云南
1,1,0,0,2020/03/20,西藏
248,239,3,0,2020/03/20,陕西
134,113,2,0,2020/03/20,甘肃
18,18,0,0,2020/03/20,青海
75,75,0,0,2020/03/20,宁夏
76,73,3,0,2020/03/20,新疆
135,28,2,0,2020/03/20,台湾
256,98,4,0,2020/03/20,香港
17,10,0,0,2020/03/20,澳门
512,398,8,0,2020/03/21,北京
137,133,3,0,2020/03/21,天津
319,310,6,0,2020/03/21,河北
133,133,0,0,2020/03/21,山西
75,74,1,0,2020/03/21,内蒙古
126,122,2,0,2020/03/21,辽宁
93,92,1,0,2020/03/21,吉林
484,465,13,0,2020/03/21,黑龙江
394,327,4,0,2020/03/21,上海
633,631,0,0,2020/03/21,江苏
1237,1219,1,0,2020/03/21,浙江
990,984,6,0,2020/03/21,安徽
307,295,1,0,2020/03/21,福建
936,934,1,0,2020/03/21,江西
765,750,7,0,2020/03/21,山东
1273,1250,22,0,2020/03/21,河南
67800,59432,3144,0,2020/03/21,湖北
1018,1014,4,0,2020/03/21,湖南
1407,1329,8,0,2020/03/21,广东
254,250,2,0,2020/03/21,广西
168,161,6,0,2020/03/21,海南
576,570,6,0,2020/03/21,重庆
543,536,3,0,2020/03/21,四川
146,144,2,0,2020/03/21,贵州
176,172,2,0,2020/03/21,云南
1,1,0,0,2020/03/21,西藏
248,239,3,0,2020/03/21,陕西
134,113,2,0,2020/03/21,甘肃
18,18,0,0,2020/03/21,青海
75,75,0,0,2020/03/21,宁夏
76,73,3,0,2020/03/21,新疆
153,28,2,0,2020/03/21,台湾
273,100,4,0,2020/03/21,香港
18,10,0,0,2020/03/21,澳门
522,400,8,0,2020/03/22,北京
137,133,3,0,2020/03/22,天津
319,310,6,0,2020/03/22,河北
133,133,0,0,2020/03/22,山西
75,74,1,0,2020/03/22,内蒙古
127,124,2,0,2020/03/22,辽宁
93,92,1,0,2020/03/22,吉林
484,465,13,0,2020/03/22,黑龙江
404,328,4,0,2020/03/22,上海
633,631,0,0,2020/03/22,江苏
1238,1221,1,0,2020/03/22,浙江
990,984,6,0,2020/03/22,安徽
313,295,1,0,2020/03/22,福建
936,934,1,0,2020/03/22,江西
767,751,7,0,2020/03/22,山东
1274,1250,22,0,2020/03/22,河南
67800,59879,3153,0,2020/03/22,湖北
1018,1014,4,0,2020/03/22,湖南
1413,1332,8,0,2020/03/22,广东
254,250,2,0,2020/03/22,广西
168,161,6,0,2020/03/22,海南
577,570,6,0,2020/03/22,重庆
543,536,3,0,2020/03/22,四川
146,144,2,0,2020/03/22,贵州
176,172,2,0,2020/03/22,云南
1,1,0,0,2020/03/22,西藏
248,239,3,0,2020/03/22,陕西
136,114,2,0,2020/03/22,甘肃
18,18,0,0,2020/03/22,青海
75,75,0,0,2020/03/22,宁夏
76,73,3,0,2020/03/22,新疆
169,28,2,0,2020/03/22,台湾
317,100,4,0,2020/03/22,香港
21,10,0,0,2020/03/22,澳门
554,401,8,0,2020/03/23,北京
141,133,3,0,2020/03/23,天津
319,310,6,0,2020/03/23,河北
134,133,0,0,2020/03/23,山西
75,74,1,0,2020/03/23,内蒙古
127,124,2,0,2020/03/23,辽宁
93,92,1,0,2020/03/23,吉林
484,468,13,0,2020/03/23,黑龙江
414,329,4,0,2020/03/23,上海
636,631,0,0,2020/03/23,江苏
1240,1221,1,0,2020/03/23,浙江
990,984,6,0,2020/03/23,安徽
318,295,1,0,2020/03/23,福建
936,934,1,0,2020/03/23,江西
768,752,7,0,2020/03/23,山东
1274,1250,22,0,2020/03/23,河南
67801,60323,3160,0,2020/03/23,湖北
1018,1014,4,0,2020/03/23,湖南
1428,1333,8,0,2020/03/23,广东
254,250,2,0,2020/03/23,广西
168,161,6,0,2020/03/23,海南
578,570,6,0,2020/03/23,重庆
545,536,3,0,2020/03/23,四川
146,144,2,0,2020/03/23,贵州
176,172,2,0,2020/03/23,云南
1,1,0,0,2020/03/23,西藏
249,240,3,0,2020/03/23,陕西
136,118,2,0,2020/03/23,甘肃
18,18,0,0,2020/03/23,青海
75,75,0,0,2020/03/23,宁夏
76,73,3,0,2020/03/23,新疆
195,29,2,0,2020/03/23,台湾
356,101,4,0,2020/03/23,香港
25,10,0,0,2020/03/23,澳门
559,401,8,0,2020/03/24,北京
145,133,3,0,2020/03/24,天津
319,310,6,0,2020/03/24,河北
134,133,0,0,2020/03/24,山西
77,74,1,0,2020/03/24,内蒙古
127,124,2,0,2020/03/24,辽宁
94,92,1,0,2020/03/24,吉林
484,468,13,0,2020/03/24,黑龙江
433,330,5,0,2020/03/24,上海
638,631,0,0,2020/03/24,江苏
1241,1221,1,0,2020/03/24,浙江
990,984,6,0,2020/03/24,安徽
322,295,1,0,2020/03/24,福建
936,934,1,0,2020/03/24,江西
769,752,7,0,2020/03/24,山东
1274,1250,22,0,2020/03/24,河南
67801,60810,3163,0,2020/03/24,湖北
1018,1014,4,0,2020/03/24,湖南
1433,1334,8,0,2020/03/24,广东
254,250,2,0,2020/03/24,广西
168,162,6,0,2020/03/24,海南
578,570,6,0,2020/03/24,重庆
547,536,3,0,2020/03/24,四川
146,144,2,0,2020/03/24,贵州
176,172,2,0,2020/03/24,云南
1,1,0,0,2020/03/24,西藏
250,240,3,0,2020/03/24,陕西
136,119,2,0,2020/03/24,甘肃
18,18,0,0,2020/03/24,青海
75,75,0,0,2020/03/24,宁夏
76,73,3,0,2020/03/24,新疆
216,29,2,0,2020/03/24,台湾
386,102,4,0,2020/03/24,香港
26,10,0,0,2020/03/24,澳门
565,403,8,0,2020/03/25,北京
147,133,3,0,2020/03/25,天津
319,310,6,0,2020/03/25,河北
135,133,0,0,2020/03/25,山西
89,74,1,0,2020/03/25,内蒙古
127,124,2,0,2020/03/25,辽宁
95,92,1,0,2020/03/25,吉林
484,469,13,0,2020/03/25,黑龙江
451,330,5,0,2020/03/25,上海
640,631,0,0,2020/03/25,江苏
1243,1222,1,0,2020/03/25,浙江
990,984,6,0,2020/03/25,安徽
328,295,1,0,2020/03/25,福建
936,934,1,0,2020/03/25,江西
769,752,7,0,2020/03/25,山东
1275,1250,22,0,2020/03/25,河南
67801,61201,3169,0,2020/03/25,湖北
1018,1014,4,0,2020/03/25,湖南
1444,1336,8,0,2020/03/25,广东
254,250,2,0,2020/03/25,广西
168,162,6,0,2020/03/25,海南
578,570,6,0,2020/03/25,重庆
547,536,3,0,2020/03/25,四川
146,144,2,0,2020/03/25,贵州
178,172,2,0,2020/03/25,云南
1,1,0,0,2020/03/25,西藏
253,242,3,0,2020/03/25,陕西
136,121,2,0,2020/03/25,甘肃
18,18,0,0,2020/03/25,青海
75,75,0,0,2020/03/25,宁夏
76,73,3,0,2020/03/25,新疆
235,29,2,0,2020/03/25,台湾
410,106,4,0,2020/03/25,香港
30,10,0,0,2020/03/25,澳门
569,406,8,0,2020/03/26,北京
152,133,3,0,2020/03/26,天津
319,310,6,0,2020/03/26,河北
135,133,0,0,2020/03/26,山西
92,74,1,0,2020/03/26,内蒙古
128,124,2,0,2020/03/26,辽宁
95,92,1,0,2020/03/26,吉林
484,469,13,0,2020/03/26,黑龙江
468,331,5,0,2020/03/26,上海
641,631,0,0,2020/03/26,江苏
1247,1222,1,0,2020/03/26,浙江
990,984,6,0,2020/03/26,安徽
331,295,1,0,2020/03/26,福建
936,934,1,0,2020/03/26,江西
771,752,7,0,2020/03/26,山东
1275,1250,22,0,2020/03/26,河南
67801,61731,3174,0,2020/03/26,湖北
1018,1014,4,0,2020/03/26,湖南
1456,1337,8,0,2020/03/26,广东
254,250,2,0,2020/03/26,广西
168,162,6,0,2020/03/26,海南
578,570,6,0,2020/03/26,重庆
548,536,3,0,2020/03/26,四川
146,144,2,0,2020/03/26,贵州
180,172,2,0,2020/03/26,云南
1,1,0,0,2020/03/26,西藏
253,242,3,0,2020/03/26,陕西
136,123,2,0,2020/03/26,甘肃
18,18,0,0,2020/03/26,青海
75,75,0,0,2020/03/26,宁夏
76,73,3,0,2020/03/26,新疆
252,29,2,0,2020/03/26,台湾
453,110,4,0,2020/03/26,香港
33,10,0,0,2020/03/26,澳门
572,409,8,0,2020/03/27,北京
156,133,3,0,2020/03/27,天津
319,310,6,0,2020/03/27,河北
135,133,0,0,2020/03/27,山西
94,74,1,0,2020/03/27,内蒙古
131,124,2,0,2020/03/27,辽宁
97,92,1,0,2020/03/27,吉林
484,469,13,0,2020/03/27,黑龙江
485,334,5,0,2020/03/27,上海
641,631,0,0,2020/03/27,江苏
1251,1225,1,0,2020/03/27,浙江
990,984,6,0,2020/03/27,安徽
337,295,1,0,2020/03/27,福建
936,934,1,0,2020/03/27,江西
772,752,7,0,2020/03/27,山东
1275,1251,22,0,2020/03/27,河南
67801,62098,3177,0,2020/03/27,湖北
1018,1014,4,0,2020/03/27,湖南
1467,1341,8,0,2020/03/27,广东
254,250,2,0,2020/03/27,广西
168,162,6,0,2020/03/27,海南
578,570,6,0,2020/03/27,重庆
548,536,3,0,2020/03/27,四川
146,144,2,0,2020/03/27,贵州
180,172,2,0,2020/03/27,云南
1,1,0,0,2020/03/27,西藏
253,242,3,0,2020/03/27,陕西
136,125,2,0,2020/03/27,甘肃
18,18,0,0,2020/03/27,青海
75,75,0,0,2020/03/27,宁夏
76,73,3,0,2020/03/27,新疆
267,30,2,0,2020/03/27,台湾
518,111,4,0,2020/03/27,香港
34,10,0,0,2020/03/27,澳门
576,411,8,0,2020/03/28,北京
163,133,3,0,2020/03/28,天津
319,310,6,0,2020/03/28,河北
136,133,0,0,2020/03/28,山西
95,74,1,0,2020/03/28,内蒙古
134,124,2,0,2020/03/28,辽宁
98,92,1,0,2020/03/28,吉林
484,469,13,0,2020/03/28,黑龙江
492,334,5,0,2020/03/28,上海
644,631,0,0,2020/03/28,江苏
1254,1225,1,0,2020/03/28,浙江
990,984,6,0,2020/03/28,安徽
338,295,1,0,2020/03/28,福建
937,934,1,0,2020/03/28,江西
772,752,7,0,2020/03/28,山东
1276,1251,22,0,2020/03/28,河南
67801,62565,3182,0,2020/03/28,湖北
1018,1014,4,0,2020/03/28,湖南
1475,1349,8,0,2020/03/28,广东
254,250,2,0,2020/03/28,广西
168,162,6,0,2020/03/28,海南
579,570,6,0,2020/03/28,重庆
550,536,3,0,2020/03/28,四川
147,144,2,0,2020/03/28,贵州
180,172,2,0,2020/03/28,云南
1,1,0,0,2020/03/28,西藏
253,242,3,0,2020/03/28,陕西
136,125,2,0,2020/03/28,甘肃
18,18,0,0,2020/03/28,青海
75,75,0,0,2020/03/28,宁夏
76,73,3,0,2020/03/28,新疆
283,30,2,0,2020/03/28,台湾
582,112,4,0,2020/03/28,香港
37,10,0,0,2020/03/28,澳门
577,412,8,0,2020/03/29,北京
166,133,3,0,2020/03/29,天津
321,310,6,0,2020/03/29,河北
136,133,0,0,2020/03/29,山西
97,74,1,0,2020/03/29,内蒙古
136,124,2,0,2020/03/29,辽宁
98,92,1,0,2020/03/29,吉林
484,469,13,0,2020/03/29,黑龙江
498,334,5,0,2020/03/29,上海
645,631,0,0,2020/03/29,江苏
1255,1225,1,0,2020/03/29,浙江
990,984,6,0,2020/03/29,安徽
340,295,1,0,2020/03/29,福建
937,935,1,0,2020/03/29,江西
773,753,7,0,2020/03/29,山东
1276,1251,22,0,2020/03/29,河南
67801,62882,3186,0,2020/03/29,湖北
1018,1014,4,0,2020/03/29,湖南
1484,1351,8,0,2020/03/29,广东
254,250,2,0,2020/03/29,广西
168,162,6,0,2020/03/29,海南
579,570,6,0,2020/03/29,重庆
550,536,3,0,2020/03/29,四川
147,144,2,0,2020/03/29,贵州
180,172,2,0,2020/03/29,云南
1,1,0,0,2020/03/29,西藏
253,242,3,0,2020/03/29,陕西
138,125,2,0,2020/03/29,甘肃
18,18,0,0,2020/03/29,青海
75,75,0,0,2020/03/29,宁夏
76,73,3,0,2020/03/29,新疆
298,39,3,0,2020/03/29,台湾
641,118,4,0,2020/03/29,香港
38,10,0,0,2020/03/29,澳门
580,416,8,0,2020/03/30,北京
174,133,3,0,2020/03/30,天津
321,310,6,0,2020/03/30,河北
136,133,0,0,2020/03/30,山西
107,74,1,0,2020/03/30,内蒙古
139,124,2,0,2020/03/30,辽宁
98,92,1,0,2020/03/30,吉林
484,469,13,0,2020/03/30,黑龙江
509,338,5,0,2020/03/30,上海
646,631,0,0,2020/03/30,江苏
1257,1226,1,0,2020/03/30,浙江
990,984,6,0,2020/03/30,安徽
343,295,1,0,2020/03/30,福建
937,935,1,0,2020/03/30,江西
774,753,7,0,2020/03/30,山东
1276,1251,22,0,2020/03/30,河南
67801,63153,3187,0,2020/03/30,湖北
1018,1014,4,0,2020/03/30,湖南
1490,1353,8,0,2020/03/30,广东
254,250,2,0,2020/03/30,广西
168,162,6,0,2020/03/30,海南
579,570,6,0,2020/03/30,重庆
550,536,3,0,2020/03/30,四川
147,144,2,0,2020/03/30,贵州
181,172,2,0,2020/03/30,云南
1,1,0,0,2020/03/30,西藏
253,242,3,0,2020/03/30,陕西
138,125,2,0,2020/03/30,甘肃
18,18,0,0,2020/03/30,青海
75,75,0,0,2020/03/30,宁夏
76,73,3,0,2020/03/30,新疆
306,39,5,0,2020/03/30,台湾
682,124,4,0,2020/03/30,香港
39,10,0,0,2020/03/30,澳门
580,418,8,0,2020/03/31,北京
174,135,3,0,2020/03/31,天津
323,310,6,0,2020/03/31,河北
137,133,0,0,2020/03/31,山西
111,74,1,0,2020/03/31,内蒙古
140,124,2,0,2020/03/31,辽宁
98,92,1,0,2020/03/31,吉林
484,469,13,0,2020/03/31,黑龙江
516,341,6,0,2020/03/31,上海
646,631,0,0,2020/03/31,江苏
1257,1226,1,0,2020/03/31,浙江
990,984,6,0,2020/03/31,安徽
345,297,1,0,2020/03/31,福建
937,935,1,0,2020/03/31,江西
774,753,7,0,2020/03/31,山东
1276,1251,22,0,2020/03/31,河南
67802,63326,3193,0,2020/03/31,湖北
1018,1014,4,0,2020/03/31,湖南
1501,1357,8,0,2020/03/31,广东
254,250,2,0,2020/03/31,广西
168,162,6,0,2020/03/31,海南
579,570,6,0,2020/03/31,重庆
552,536,3,0,2020/03/31,四川
147,144,2,0,2020/03/31,贵州
182,172,2,0,2020/03/31,云南
1,1,0,0,2020/03/31,西藏
255,242,3,0,2020/03/31,陕西
138,125,2,0,2020/03/31,甘肃
18,18,0,0,2020/03/31,青海
75,75,0,0,2020/03/31,宁夏
76,73,3,0,2020/03/31,新疆
322,39,5,0,2020/03/31,台湾
714,128,4,0,2020/03/31,香港
41,10,0,0,2020/03/31,澳门
582,424,8,0,2020/04/01,北京
176,135,3,0,2020/04/01,天津
325,310,6,0,2020/04/01,河北
137,133,0,0,2020/04/01,山西
117,74,1,0,2020/04/01,内蒙古
140,124,2,0,2020/04/01,辽宁
98,92,1,0,2020/04/01,吉林
488,469,13,0,2020/04/01,黑龙江
522,343,6,0,2020/04/01,上海
647,631,0,0,2020/04/01,江苏
1258,1228,1,0,2020/04/01,浙江
990,984,6,0,2020/04/01,安徽
345,299,1,0,2020/04/01,福建
937,935,1,0,2020/04/01,江西
775,753,7,0,2020/04/01,山东
1276,1251,22,0,2020/04/01,河南
67802,63471,3199,0,2020/04/01,湖北
1019,1014,4,0,2020/04/01,湖南
1507,1365,8,0,2020/04/01,广东
254,252,2,0,2020/04/01,广西
168,162,6,0,2020/04/01,海南
579,570,6,0,2020/04/01,重庆
554,537,3,0,2020/04/01,四川
147,144,2,0,2020/04/01,贵州
183,172,2,0,2020/04/01,云南
1,1,0,0,2020/04/01,西藏
255,242,3,0,2020/04/01,陕西
138,127,2,0,2020/04/01,甘肃
18,18,0,0,2020/04/01,青海
75,75,0,0,2020/04/01,宁夏
76,73,3,0,2020/04/01,新疆
329,45,5,0,2020/04/01,台湾
765,147,4,0,2020/04/01,香港
41,10,0,0,2020/04/01,澳门
583,434,8,0,2020/04/02,北京
177,140,3,0,2020/04/02,天津
326,310,6,0,2020/04/02,河北
137,133,0,0,2020/04/02,山西
117,74,1,0,2020/04/02,内蒙古
141,124,2,0,2020/04/02,辽宁
98,92,1,0,2020/04/02,吉林
489,469,13,0,2020/04/02,黑龙江
526,343,6,0,2020/04/02,上海
651,632,0,0,2020/04/02,江苏
1260,1228,1,0,2020/04/02,浙江
990,984,6,0,2020/04/02,安徽
349,300,1,0,2020/04/02,福建
937,935,1,0,2020/04/02,江西
778,754,7,0,2020/04/02,山东
1276,1251,22,0,2020/04/02,河南
67802,63612,3203,0,2020/04/02,湖北
1019,1014,4,0,2020/04/02,湖南
1514,1368,8,0,2020/04/02,广东
254,252,2,0,2020/04/02,广西
168,162,6,0,2020/04/02,海南
579,570,6,0,2020/04/02,重庆
555,537,3,0,2020/04/02,四川
147,144,2,0,2020/04/02,贵州
184,172,2,0,2020/04/02,云南
1,1,0,0,2020/04/02,西藏
255,244,3,0,2020/04/02,陕西
138,127,2,0,2020/04/02,甘肃
18,18,0,0,2020/04/02,青海
75,75,0,0,2020/04/02,宁夏
76,73,3,0,2020/04/02,新疆
339,50,5,0,2020/04/02,台湾
802,154,4,0,2020/04/02,香港
41,10,0,0,2020/04/02,澳门
585,438,8,0,2020/04/03,北京
180,140,3,0,2020/04/03,天津
326,310,6,0,2020/04/03,河北
137,133,0,0,2020/04/03,山西
117,74,1,0,2020/04/03,内蒙古
141,125,2,0,2020/04/03,辽宁
98,92,1,0,2020/04/03,吉林
491,469,13,0,2020/04/03,黑龙江
529,348,6,0,2020/04/03,上海
651,632,0,0,2020/04/03,江苏
1262,1229,1,0,2020/04/03,浙江
990,984,6,0,2020/04/03,安徽
350,301,1,0,2020/04/03,福建
937,935,1,0,2020/04/03,江西
778,755,7,0,2020/04/03,山东
1276,1251,22,0,2020/04/03,河南
67803,63762,3207,0,2020/04/03,湖北
1019,1014,4,0,2020/04/03,湖南
1516,1378,8,0,2020/04/03,广东
254,252,2,0,2020/04/03,广西
168,162,6,0,2020/04/03,海南
579,570,6,0,2020/04/03,重庆
557,538,3,0,2020/04/03,四川
147,144,2,0,2020/04/03,贵州
184,172,2,0,2020/04/03,云南
1,1,0,0,2020/04/03,西藏
256,245,3,0,2020/04/03,陕西
138,131,2,0,2020/04/03,甘肃
18,18,0,0,2020/04/03,青海
75,75,0,0,2020/04/03,宁夏
76,73,3,0,2020/04/03,新疆
348,50,5,0,2020/04/03,台湾
845,173,4,0,2020/04/03,香港
43,10,0,0,2020/04/03,澳门
586,441,8,0,2020/04/04,北京
180,144,3,0,2020/04/04,天津
327,310,6,0,2020/04/04,河北
138,133,0,0,2020/04/04,山西
117,74,1,0,2020/04/04,内蒙古
142,126,2,0,2020/04/04,辽宁
98,92,1,0,2020/04/04,吉林
504,469,13,0,2020/04/04,黑龙江
531,356,6,0,2020/04/04,上海
651,633,0,0,2020/04/04,江苏
1263,1230,1,0,2020/04/04,浙江
990,984,6,0,2020/04/04,安徽
350,303,1,0,2020/04/04,福建
937,935,1,0,2020/04/04,江西
779,755,7,0,2020/04/04,山东
1276,1251,22,0,2020/04/04,河南
67803,63945,3210,0,2020/04/04,湖北
1019,1014,4,0,2020/04/04,湖南
1524,1387,8,0,2020/04/04,广东
254,252,2,0,2020/04/04,广西
168,162,6,0,2020/04/04,海南
579,570,6,0,2020/04/04,重庆
558,539,3,0,2020/04/04,四川
147,144,2,0,2020/04/04,贵州
184,172,2,0,2020/04/04,云南
1,1,0,0,2020/04/04,西藏
256,245,3,0,2020/04/04,陕西
138,131,2,0,2020/04/04,甘肃
18,18,0,0,2020/04/04,青海
75,75,0,0,2020/04/04,宁夏
76,73,3,0,2020/04/04,新疆
355,50,5,0,2020/04/04,台湾
862,186,4,0,2020/04/04,香港
44,10,0,0,2020/04/04,澳门
587,443,8,0,2020/04/05,北京
180,144,3,0,2020/04/05,天津
327,310,6,0,2020/04/05,河北
138,133,0,0,2020/04/05,山西
118,74,1,0,2020/04/05,内蒙古
142,128,2,0,2020/04/05,辽宁
98,92,1,0,2020/04/05,吉林
524,469,13,0,2020/04/05,黑龙江
536,383,6,0,2020/04/05,上海
651,633,0,0,2020/04/05,江苏
1264,1230,1,0,2020/04/05,浙江
990,984,6,0,2020/04/05,安徽
350,305,1,0,2020/04/05,福建
937,935,1,0,2020/04/05,江西
780,755,7,0,2020/04/05,山东
1276,1252,22,0,2020/04/05,河南
67803,64014,3212,0,2020/04/05,湖北
1019,1014,4,0,2020/04/05,湖南
1532,1395,8,0,2020/04/05,广东
254,252,2,0,2020/04/05,广西
168,162,6,0,2020/04/05,海南
579,570,6,0,2020/04/05,重庆
559,540,3,0,2020/04/05,四川
147,144,2,0,2020/04/05,贵州
184,172,2,0,2020/04/05,云南
1,1,0,0,2020/04/05,西藏
256,246,3,0,2020/04/05,陕西
139,132,2,0,2020/04/05,甘肃
18,18,0,0,2020/04/05,青海
75,75,0,0,2020/04/05,宁夏
76,73,3,0,2020/04/05,新疆
363,54,5,0,2020/04/05,台湾
890,206,4,0,2020/04/05,香港
44,10,0,0,2020/04/05,澳门
587,448,8,0,2020/04/06,北京
180,151,3,0,2020/04/06,天津
327,312,6,0,2020/04/06,河北
138,133,0,0,2020/04/06,山西
121,74,1,0,2020/04/06,内蒙古
144,130,2,0,2020/04/06,辽宁
98,92,1,0,2020/04/06,吉林
544,469,13,0,2020/04/06,黑龙江
538,389,6,0,2020/04/06,上海
651,633,0,0,2020/04/06,江苏
1265,1230,1,0,2020/04/06,浙江
990,984,6,0,2020/04/06,安徽
351,305,1,0,2020/04/06,福建
937,935,1,0,2020/04/06,江西
781,755,7,0,2020/04/06,山东
1276,1252,22,0,2020/04/06,河南
67803,64073,3212,0,2020/04/06,湖北
1019,1014,4,0,2020/04/06,湖南
1533,1401,8,0,2020/04/06,广东
254,252,2,0,2020/04/06,广西
168,162,6,0,2020/04/06,海南
579,570,6,0,2020/04/06,重庆
560,541,3,0,2020/04/06,四川
147,144,2,0,2020/04/06,贵州
184,173,2,0,2020/04/06,云南
1,1,0,0,2020/04/06,西藏
256,246,3,0,2020/04/06,陕西
139,132,2,0,2020/04/06,甘肃
18,18,0,0,2020/04/06,青海
75,75,0,0,2020/04/06,宁夏
76,73,3,0,2020/04/06,新疆
373,57,5,0,2020/04/06,台湾
914,216,4,0,2020/04/06,香港
44,10,0,0,2020/04/06,澳门
588,455,8,0,2020/04/07,北京
180,152,3,0,2020/04/07,天津
327,312,6,0,2020/04/07,河北
163,134,0,0,2020/04/07,山西
124,74,1,0,2020/04/07,内蒙古
144,131,2,0,2020/04/07,辽宁
98,92,1,0,2020/04/07,吉林
569,470,13,0,2020/04/07,黑龙江
543,406,7,0,2020/04/07,上海
651,633,0,0,2020/04/07,江苏
1266,1232,1,0,2020/04/07,浙江
990,984,6,0,2020/04/07,安徽
351,307,1,0,2020/04/07,福建
937,935,1,0,2020/04/07,江西
783,755,7,0,2020/04/07,山东
1276,1252,22,0,2020/04/07,河南
67803,64142,3213,0,2020/04/07,湖北
1019,1014,4,0,2020/04/07,湖南
1536,1411,8,0,2020/04/07,广东
254,252,2,0,2020/04/07,广西
168,162,6,0,2020/04/07,海南
579,570,6,0,2020/04/07,重庆
560,541,3,0,2020/04/07,四川
147,144,2,0,2020/04/07,贵州
184,173,2,0,2020/04/07,云南
1,1,0,0,2020/04/07,西藏
256,246,3,0,2020/04/07,陕西
139,133,2,0,2020/04/07,甘肃
18,18,0,0,2020/04/07,青海
75,75,0,0,2020/04/07,宁夏
76,73,3,0,2020/04/07,新疆
376,61,5,0,2020/04/07,台湾
935,236,4,0,2020/04/07,香港
44,10,0,0,2020/04/07,澳门
588,464,8,0,2020/04/08,北京
181,152,3,0,2020/04/08,天津
327,313,6,0,2020/04/08,河北
166,134,0,0,2020/04/08,山西
126,79,1,0,2020/04/08,内蒙古
144,131,2,0,2020/04/08,辽宁
98,93,1,0,2020/04/08,吉林
609,470,13,0,2020/04/08,黑龙江
552,417,7,0,2020/04/08,上海
651,633,0,0,2020/04/08,江苏
1267,1235,1,0,2020/04/08,浙江
991,984,6,0,2020/04/08,安徽
351,308,1,0,2020/04/08,福建
937,935,1,0,2020/04/08,江西
783,756,7,0,2020/04/08,山东
1276,1252,22,0,2020/04/08,河南
67803,64187,3215,0,2020/04/08,湖北
1019,1014,4,0,2020/04/08,湖南
1539,1423,8,0,2020/04/08,广东
254,252,2,0,2020/04/08,广西
168,162,6,0,2020/04/08,海南
579,570,6,0,2020/04/08,重庆
560,541,3,0,2020/04/08,四川
147,144,2,0,2020/04/08,贵州
184,173,2,0,2020/04/08,云南
1,1,0,0,2020/04/08,西藏
256,246,3,0,2020/04/08,陕西
139,135,2,0,2020/04/08,甘肃
18,18,0,0,2020/04/08,青海
75,75,0,0,2020/04/08,宁夏
76,73,3,0,2020/04/08,新疆
379,67,5,0,2020/04/08,台湾
960,264,4,0,2020/04/08,香港
45,10,0,0,2020/04/08,澳门
588,469,8,0,2020/04/09,北京
182,154,3,0,2020/04/09,天津
327,313,6,0,2020/04/09,河北
168,134,0,0,2020/04/09,山西
128,79,1,0,2020/04/09,内蒙古
144,132,2,0,2020/04/09,辽宁
98,95,1,0,2020/04/09,吉林
638,470,13,0,2020/04/09,黑龙江
555,422,7,0,2020/04/09,上海
651,634,0,0,2020/04/09,江苏
1267,1235,1,0,2020/04/09,浙江
991,984,6,0,2020/04/09,安徽
351,311,1,0,2020/04/09,福建
937,936,1,0,2020/04/09,江西
783,756,7,0,2020/04/09,山东
1276,1252,22,0,2020/04/09,河南
67803,64236,3216,0,2020/04/09,湖北
1019,1014,4,0,2020/04/09,湖南
1544,1434,8,0,2020/04/09,广东
254,252,2,0,2020/04/09,广西
168,162,6,0,2020/04/09,海南
579,570,6,0,2020/04/09,重庆
560,546,3,0,2020/04/09,四川
147,144,2,0,2020/04/09,贵州
184,173,2,0,2020/04/09,云南
1,1,0,0,2020/04/09,西藏
256,246,3,0,2020/04/09,陕西
139,135,2,0,2020/04/09,甘肃
18,18,0,0,2020/04/09,青海
75,75,0,0,2020/04/09,宁夏
76,73,3,0,2020/04/09,新疆
380,80,5,0,2020/04/09,台湾
973,293,4,0,2020/04/09,香港
45,10,0,0,2020/04/09,澳门
589,474,8,0,2020/04/10,北京
183,158,3,0,2020/04/10,天津
327,313,6,0,2020/04/10,河北
172,135,0,0,2020/04/10,山西
155,79,1,0,2020/04/10,内蒙古
145,133,2,0,2020/04/10,辽宁
98,96,1,0,2020/04/10,吉林
661,470,13,0,2020/04/10,黑龙江
555,435,7,0,2020/04/10,上海
652,636,0,0,2020/04/10,江苏
1267,1236,1,0,2020/04/10,浙江
991,984,6,0,2020/04/10,安徽
351,317,1,0,2020/04/10,福建
937,936,1,0,2020/04/10,江西
784,757,7,0,2020/04/10,山东
1276,1252,22,0,2020/04/10,河南
67803,64264,3219,0,2020/04/10,湖北
1019,1014,4,0,2020/04/10,湖南
1548,1437,8,0,2020/04/10,广东
254,252,2,0,2020/04/10,广西
168,162,6,0,2020/04/10,海南
579,570,6,0,2020/04/10,重庆
560,547,3,0,2020/04/10,四川
147,144,2,0,2020/04/10,贵州
184,174,2,0,2020/04/10,云南
1,1,0,0,2020/04/10,西藏
256,248,3,0,2020/04/10,陕西
139,135,2,0,2020/04/10,甘肃
18,18,0,0,2020/04/10,青海
75,75,0,0,2020/04/10,宁夏
76,73,3,0,2020/04/10,新疆
382,91,6,0,2020/04/10,台湾
989,309,4,0,2020/04/10,香港
45,10,0,0,2020/04/10,澳门
589,479,8,0,2020/04/11,北京
183,161,3,0,2020/04/11,天津
327,313,6,0,2020/04/11,河北
172,135,0,0,2020/04/11,山西
155,83,1,0,2020/04/11,内蒙古
145,136,2,0,2020/04/11,辽宁
99,96,1,0,2020/04/11,吉林
684,470,13,0,2020/04/11,黑龙江
607,438,7,0,2020/04/11,上海
653,638,0,0,2020/04/11,江苏
1267,1238,1,0,2020/04/11,浙江
991,984,6,0,2020/04/11,安徽
352,321,1,0,2020/04/11,福建
937,936,1,0,2020/04/11,江西
784,757,7,0,2020/04/11,山东
1276,1253,22,0,2020/04/11,河南
67803,64281,3219,0,2020/04/11,湖北
1019,1014,4,0,2020/04/11,湖南
1552,1443,8,0,2020/04/11,广东
254,252,2,0,2020/04/11,广西
168,162,6,0,2020/04/11,海南
579,570,6,0,2020/04/11,重庆
560,547,3,0,2020/04/11,四川
147,144,2,0,2020/04/11,贵州
184,174,2,0,2020/04/11,云南
1,1,0,0,2020/04/11,西藏
256,248,3,0,2020/04/11,陕西
139,135,2,0,2020/04/11,甘肃
18,18,0,0,2020/04/11,青海
75,75,0,0,2020/04/11,宁夏
76,73,3,0,2020/04/11,新疆
385,99,6,0,2020/04/11,台湾
1000,336,4,0,2020/04/11,香港
45,10,0,0,2020/04/11,澳门
589,479,8,0,2020/04/12,北京
183,161,3,0,2020/04/12,天津
327,313,6,0,2020/04/12,河北
172,135,0,0,2020/04/12,山西
155,83,1,0,2020/04/12,内蒙古
145,136,2,0,2020/04/12,辽宁
99,96,1,0,2020/04/12,吉林
684,470,13,0,2020/04/12,黑龙江
607,446,7,0,2020/04/12,上海
653,638,0,0,2020/04/12,江苏
1267,1238,1,0,2020/04/12,浙江
991,984,6,0,2020/04/12,安徽
352,321,1,0,2020/04/12,福建
937,936,1,0,2020/04/12,江西
784,757,7,0,2020/04/12,山东
1276,1253,22,0,2020/04/12,河南
67803,64281,3219,0,2020/04/12,湖北
1019,1014,4,0,2020/04/12,湖南
1552,1443,8,0,2020/04/12,广东
254,252,2,0,2020/04/12,广西
168,162,6,0,2020/04/12,海南
579,570,6,0,2020/04/12,重庆
560,547,3,0,2020/04/12,四川
147,144,2,0,2020/04/12,贵州
184,174,2,0,2020/04/12,云南
1,1,0,0,2020/04/12,西藏
256,248,3,0,2020/04/12,陕西
139,135,2,0,2020/04/12,甘肃
18,18,0,0,2020/04/12,青海
75,75,0,0,2020/04/12,宁夏
76,73,3,0,2020/04/12,新疆
385,99,6,0,2020/04/12,台湾
1000,336,4,0,2020/04/12,香港
45,10,0,0,2020/04/12,澳门
